Name,Count,Year
JACK,10779,1996
DANIEL,10338,1996
THOMAS,9603,1996
JAMES,9385,1996
JOSHUA,7887,1996
MATTHEW,7426,1996
RYAN,6496,1996
JOSEPH,6193,1996
SAMUEL,6161,1996
LIAM,5802,1996
JORDAN,5750,1996
LUKE,5664,1996
CONNOR,5009,1996
ALEXANDER,4840,1996
BENJAMIN,4805,1996
ADAM,4538,1996
HARRY,4434,1996
JAKE,4331,1996
GEORGE,4287,1996
CALLUM,4281,1996
WILLIAM,4269,1996
MICHAEL,4187,1996
OLIVER,3655,1996
LEWIS,3569,1996
CHRISTOPHER,3483,1996
KIERAN,2882,1996
NATHAN,2744,1996
JAMIE,2688,1996
ANDREW,2676,1996
ROBERT,2644,1996
BRADLEY,2557,1996
DAVID,2517,1996
AARON,2511,1996
BEN,2332,1996
JACOB,2249,1996
MOHAMMED,2112,1996
KYLE,2046,1996
CHARLIE,1912,1996
JONATHAN,1881,1996
ASHLEY,1874,1996
REECE,1811,1996
CAMERON,1791,1996
ALEX,1762,1996
CHARLES,1738,1996
EDWARD,1658,1996
JOHN,1649,1996
SAM,1638,1996
SCOTT,1632,1996
SEAN,1594,1996
JOE,1567,1996
DOMINIC,1519,1996
NICHOLAS,1385,1996
BRANDON,1337,1996
RHYS,1259,1996
MARK,1222,1996
MAX,1192,1996
DYLAN,1186,1996
HENRY,1135,1996
PETER,1128,1996
STEPHEN,1122,1996
LOUIS,1100,1996
RICHARD,1089,1996
CONOR,1081,1996
LEE,1053,1996
ANTHONY,1045,1996
PATRICK,1039,1996
TYLER,1007,1996
ROSS,1004,1996
JASON,1001,1996
ELLIOT,919,1996
BILLY,914,1996
PAUL,898,1996
STEVEN,877,1996
SHANE,846,1996
JOEL,793,1996
SHAUN,773,1996
TOBY,761,1996
CURTIS,757,1996
MITCHELL,725,1996
DEAN,719,1996
CRAIG,705,1996
TIMOTHY,691,1996
AIDAN,680,1996
DECLAN,680,1996
MARCUS,674,1996
HARRISON,663,1996
SIMON,656,1996
ELLIOTT,645,1996
JAY,639,1996
CHRISTIAN,627,1996
CALUM,614,1996
ETHAN,604,1996
RORY,601,1996
JOSH,595,1996
MACAULEY,577,1996
ZACHARY,574,1996
MOHAMMAD,567,1996
DANNY,565,1996
KANE,545,1996
OWEN,536,1996
JACK,10145,1997
JAMES,9853,1997
THOMAS,9479,1997
DANIEL,9047,1997
JOSHUA,7698,1997
MATTHEW,7443,1997
SAMUEL,6367,1997
JOSEPH,5809,1997
RYAN,5631,1997
JORDAN,5404,1997
LUKE,5147,1997
CONNOR,4890,1997
BENJAMIN,4782,1997
CALLUM,4746,1997
LIAM,4743,1997
ALEXANDER,4698,1997
HARRY,4631,1997
GEORGE,4586,1997
WILLIAM,4499,1997
ADAM,4202,1997
LEWIS,4065,1997
JAKE,3945,1997
MICHAEL,3704,1997
OLIVER,3647,1997
NATHAN,2983,1997
CHRISTOPHER,2939,1997
KIERAN,2753,1997
BRADLEY,2745,1997
JACOB,2590,1997
BEN,2572,1997
JAMIE,2540,1997
AARON,2497,1997
MOHAMMED,2390,1997
ROBERT,2281,1997
DAVID,2237,1997
CAMERON,2231,1997
ANDREW,2220,1997
KYLE,2205,1997
BRANDON,2184,1997
CHARLIE,2161,1997
REECE,1780,1997
CHARLES,1762,1997
ALEX,1747,1997
EDWARD,1711,1997
JONATHAN,1690,1997
ASHLEY,1660,1997
SAM,1562,1997
JOE,1454,1997
JOHN,1439,1997
SCOTT,1414,1997
SEAN,1388,1997
DYLAN,1380,1997
DOMINIC,1359,1997
LOUIS,1325,1997
RHYS,1291,1997
NICHOLAS,1274,1997
MAX,1244,1997
HENRY,1241,1997
TYLER,1158,1997
ROSS,1150,1997
ELLIOT,1045,1997
ETHAN,1037,1997
MARK,1028,1997
CONOR,1024,1997
PETER,1024,1997
STEPHEN,976,1997
PATRICK,962,1997
ANTHONY,948,1997
DECLAN,942,1997
BILLY,885,1997
RICHARD,880,1997
JASON,844,1997
LEE,844,1997
OWEN,813,1997
JOEL,809,1997
PAUL,806,1997
SHANE,776,1997
TOBY,762,1997
HARRISON,760,1997
STEVEN,760,1997
MITCHELL,759,1997
AIDAN,732,1997
SHAUN,708,1997
JAY,691,1997
CURTIS,675,1997
MOHAMMAD,658,1997
ELLIOTT,637,1997
MARCUS,621,1997
JOSH,595,1997
COREY,584,1997
CRAIG,575,1997
ALFIE,565,1997
CHRISTIAN,562,1997
CALUM,554,1997
MUHAMMAD,552,1997
TIMOTHY,550,1997
KANE,549,1997
RORY,541,1997
DEAN,538,1997
HARVEY,534,1997
JACK,9845,1998
THOMAS,9468,1998
JAMES,9197,1998
DANIEL,7732,1998
JOSHUA,7672,1998
MATTHEW,7171,1998
SAMUEL,6072,1998
CALLUM,5600,1998
JOSEPH,5411,1998
JORDAN,5158,1998
CONNOR,5155,1998
RYAN,4992,1998
LUKE,4934,1998
WILLIAM,4879,1998
HARRY,4761,1998
BENJAMIN,4643,1998
GEORGE,4540,1998
LEWIS,4518,1998
ALEXANDER,4460,1998
OLIVER,3970,1998
ADAM,3811,1998
JAKE,3760,1998
MICHAEL,3514,1998
LIAM,3486,1998
NATHAN,3211,1998
KIERAN,2731,1998
JACOB,2686,1998
CAMERON,2655,1998
BEN,2640,1998
MOHAMMED,2524,1998
AARON,2512,1998
CHRISTOPHER,2499,1998
BRADLEY,2452,1998
JAMIE,2451,1998
CHARLIE,2401,1998
BRANDON,2142,1998
ROBERT,2121,1998
KYLE,2016,1998
DAVID,1993,1998
OWEN,1896,1998
CHARLES,1868,1998
ANDREW,1808,1998
REECE,1729,1998
EDWARD,1709,1998
DYLAN,1643,1998
ALEX,1627,1998
ETHAN,1565,1998
JONATHAN,1484,1998
SAM,1441,1998
LOUIS,1433,1998
MAX,1418,1998
DOMINIC,1366,1998
JOHN,1357,1998
ASHLEY,1317,1998
RHYS,1310,1998
HENRY,1244,1998
CONOR,1225,1998
JOE,1211,1998
TYLER,1194,1998
SCOTT,1185,1998
SEAN,1183,1998
NICHOLAS,1090,1998
ROSS,1022,1998
MORGAN,969,1998
ELLIOT,964,1998
PATRICK,937,1998
PETER,935,1998
BILLY,894,1998
MARK,891,1998
STEPHEN,834,1998
ALFIE,808,1998
HARRISON,803,1998
LEE,801,1998
ANTHONY,795,1998
MITCHELL,794,1998
JOEL,782,1998
TOBY,769,1998
PAUL,767,1998
JAY,754,1998
JASON,723,1998
AIDAN,712,1998
RICHARD,683,1998
MOHAMMAD,676,1998
ISAAC,666,1998
DECLAN,663,1998
JOSH,645,1998
STEVEN,636,1998
MARCUS,625,1998
MUHAMMAD,621,1998
ELLIOTT,613,1998
HARVEY,596,1998
TOM,579,1998
CHRISTIAN,575,1998
KANE,574,1998
SHANE,568,1998
LEON,564,1998
SHAUN,558,1998
COREY,545,1998
ELLIS,545,1998
KAI,528,1998
JACK,9785,1999
THOMAS,9454,1999
JAMES,8748,1999
JOSHUA,7275,1999
DANIEL,6935,1999
MATTHEW,6152,1999
SAMUEL,6123,1999
JOSEPH,5875,1999
CALLUM,5587,1999
WILLIAM,5287,1999
RYAN,5080,1999
LUKE,4982,1999
LEWIS,4916,1999
HARRY,4914,1999
BENJAMIN,4559,1999
JORDAN,4466,1999
LIAM,4350,1999
GEORGE,4286,1999
OLIVER,3958,1999
ALEXANDER,3951,1999
ADAM,3931,1999
CONNOR,3786,1999
JAKE,3427,1999
CAMERON,3181,1999
NATHAN,2870,1999
MICHAEL,2869,1999
KIERAN,2777,1999
JACOB,2746,1999
MOHAMMED,2722,1999
JAMIE,2500,1999
BEN,2485,1999
CHARLIE,2350,1999
BRADLEY,2336,1999
BRANDON,2298,1999
OWEN,2201,1999
AARON,2151,1999
KYLE,1999,1999
CHRISTOPHER,1937,1999
ROBERT,1853,1999
ETHAN,1772,1999
CHARLES,1667,1999
DAVID,1642,1999
EDWARD,1605,1999
REECE,1602,1999
ALEX,1567,1999
DYLAN,1512,1999
ANDREW,1497,1999
MAX,1431,1999
LOUIS,1397,1999
SAM,1375,1999
HENRY,1359,1999
MORGAN,1343,1999
JOE,1292,1999
RHYS,1270,1999
JONATHAN,1248,1999
TYLER,1230,1999
JOHN,1158,1999
SCOTT,1111,1999
SEAN,1111,1999
DOMINIC,1029,1999
NICHOLAS,997,1999
HARRISON,961,1999
ROSS,917,1999
ALFIE,899,1999
JAY,890,1999
CONOR,866,1999
ELLIOT,857,1999
ASHLEY,850,1999
PATRICK,847,1999
JOEL,829,1999
BILLY,815,1999
PETER,804,1999
DECLAN,773,1999
STEPHEN,750,1999
AIDAN,748,1999
MITCHELL,747,1999
TOBY,743,1999
MARK,715,1999
ISAAC,710,1999
MOHAMMAD,687,1999
ANTHONY,683,1999
MUHAMMAD,659,1999
JASON,650,1999
HARVEY,644,1999
TOM,638,1999
EWAN,626,1999
LEON,599,1999
OSCAR,599,1999
KAI,584,1999
ELLIS,580,1999
LEE,562,1999
STEVEN,560,1999
MARCUS,554,1999
PAUL,554,1999
ZACHARY,551,1999
ELLIOTT,548,1999
RICHARD,547,1999
TAYLOR,528,1999
MASON,511,1999
LUCAS,495,1999
JACK,9079,2000
THOMAS,8672,2000
JAMES,7489,2000
JOSHUA,7097,2000
DANIEL,6229,2000
HARRY,6070,2000
JOSEPH,5877,2000
SAMUEL,5800,2000
MATTHEW,5482,2000
CALLUM,4911,2000
LUKE,4870,2000
WILLIAM,4804,2000
LEWIS,4574,2000
OLIVER,4402,2000
RYAN,4271,2000
BENJAMIN,4217,2000
GEORGE,4034,2000
JORDAN,3879,2000
LIAM,3825,2000
ADAM,3777,2000
ALEXANDER,3570,2000
JAKE,3543,2000
CONNOR,3328,2000
CAMERON,3049,2000
NATHAN,2856,2000
MOHAMMED,2637,2000
KIERAN,2586,2000
JACOB,2536,2000
JAMIE,2508,2000
MICHAEL,2413,2000
BEN,2400,2000
ETHAN,2392,2000
CHARLIE,2355,2000
BRADLEY,2268,2000
BRANDON,2209,2000
AARON,1969,2000
DYLAN,1811,2000
MAX,1794,2000
KYLE,1645,2000
REECE,1636,2000
ROBERT,1619,2000
CHRISTOPHER,1611,2000
DAVID,1542,2000
CHARLES,1530,2000
EDWARD,1523,2000
LOUIS,1516,2000
OWEN,1497,2000
ALEX,1427,2000
JOE,1407,2000
RHYS,1375,2000
TYLER,1349,2000
HENRY,1322,2000
ANDREW,1267,2000
MORGAN,1258,2000
SAM,1211,2000
HARRISON,1174,2000
ALFIE,1142,2000
JOHN,1096,2000
JONATHAN,1018,2000
SEAN,967,2000
DOMINIC,962,2000
SCOTT,924,2000
JAY,893,2000
NICHOLAS,839,2000
ELLIOT,837,2000
DECLAN,798,2000
ISAAC,798,2000
JOEL,791,2000
MUHAMMAD,780,2000
PATRICK,777,2000
HARVEY,753,2000
AIDAN,741,2000
KAI,723,2000
BAILEY,719,2000
TOBY,716,2000
BILLY,706,2000
MOHAMMAD,706,2000
ROSS,679,2000
PETER,678,2000
LEON,662,2000
ARCHIE,643,2000
MITCHELL,639,2000
ANTHONY,635,2000
TOM,635,2000
MASON,628,2000
ASHLEY,625,2000
MARK,622,2000
CONOR,619,2000
TAYLOR,618,2000
LUCAS,611,2000
OSCAR,611,2000
KIAN,610,2000
KANE,607,2000
STEPHEN,576,2000
MARCUS,567,2000
ELLIS,564,2000
JASON,561,2000
LEE,549,2000
ZACHARY,517,2000
EWAN,501,2000
JACK,9000,2001
THOMAS,8337,2001
JOSHUA,7182,2001
JAMES,7026,2001
DANIEL,5759,2001
HARRY,5662,2001
SAMUEL,5259,2001
JOSEPH,5256,2001
MATTHEW,4839,2001
LEWIS,4636,2001
LUKE,4610,2001
OLIVER,4534,2001
WILLIAM,4459,2001
BENJAMIN,4238,2001
CALLUM,4142,2001
ADAM,3866,2001
GEORGE,3858,2001
RYAN,3758,2001
JAKE,3415,2001
ALEXANDER,3366,2001
ETHAN,3195,2001
MOHAMMED,3011,2001
CAMERON,2911,2001
LIAM,2901,2001
CONNOR,2896,2001
JORDAN,2789,2001
DYLAN,2610,2001
JACOB,2595,2001
NATHAN,2582,2001
JAMIE,2559,2001
BEN,2403,2001
CHARLIE,2250,2001
MICHAEL,2237,2001
KIERAN,2101,2001
MAX,1976,2001
BRADLEY,1923,2001
OWEN,1897,2001
BRANDON,1895,2001
LOUIS,1864,2001
AARON,1776,2001
TYLER,1722,2001
KYLE,1649,2001
REECE,1586,2001
EDWARD,1451,2001
ALEX,1435,2001
DAVID,1425,2001
ROBERT,1421,2001
CHRISTOPHER,1375,2001
HARRISON,1345,2001
CHARLES,1290,2001
JOE,1279,2001
RHYS,1205,2001
HENRY,1196,2001
ALFIE,1189,2001
SAM,1132,2001
ANDREW,1126,2001
MORGAN,1122,2001
JOHN,995,2001
JAY,983,2001
ARCHIE,969,2001
HARVEY,964,2001
JOEL,926,2001
TOBY,924,2001
KAI,922,2001
TAYLOR,909,2001
JONATHAN,884,2001
SEAN,883,2001
ELLIOT,863,2001
MUHAMMAD,861,2001
DOMINIC,859,2001
SCOTT,832,2001
KIAN,814,2001
MOHAMMAD,797,2001
LEON,795,2001
ISAAC,793,2001
PATRICK,783,2001
OSCAR,782,2001
BILLY,730,2001
LUCAS,730,2001
AIDAN,717,2001
DECLAN,711,2001
NICHOLAS,686,2001
MARCUS,644,2001
EWAN,619,2001
MASON,613,2001
PETER,609,2001
BAILEY,599,2001
MITCHELL,596,2001
TOM,586,2001
JOSH,567,2001
ELLIS,553,2001
JASON,541,2001
CONOR,540,2001
ZACHARY,538,2001
ASHLEY,536,2001
KANE,530,2001
MARK,522,2001
ANTHONY,521,2001
STEPHEN,515,2001
ROSS,511,2001
JACK,9100,2002
JOSHUA,8170,2002
THOMAS,7438,2002
JAMES,6377,2002
DANIEL,5565,2002
BENJAMIN,5095,2002
SAMUEL,5067,2002
JOSEPH,5051,2002
WILLIAM,5037,2002
OLIVER,4794,2002
HARRY,4551,2002
MATTHEW,4367,2002
LUKE,4342,2002
LEWIS,4273,2002
GEORGE,3677,2002
CALLUM,3640,2002
ADAM,3527,2002
ETHAN,3523,2002
ALEXANDER,3423,2002
RYAN,3344,2002
BEN,3190,2002
MOHAMMED,3098,2002
LIAM,2927,2002
NATHAN,2793,2002
JAKE,2778,2002
CONNOR,2775,2002
CAMERON,2756,2002
DYLAN,2599,2002
CHARLIE,2585,2002
JACOB,2537,2002
OWEN,2349,2002
JAMIE,2240,2002
MAX,2050,2002
KIERAN,1979,2002
MICHAEL,1955,2002
AARON,1902,2002
BRANDON,1848,2002
TYLER,1790,2002
BRADLEY,1772,2002
KYLE,1767,2002
LOUIS,1721,2002
ALEX,1707,2002
JORDAN,1634,2002
REECE,1607,2002
HARVEY,1468,2002
EDWARD,1376,2002
DAVID,1320,2002
CHARLES,1309,2002
ALFIE,1306,2002
ROBERT,1244,2002
HENRY,1242,2002
HARRISON,1222,2002
RHYS,1202,2002
JOE,1187,2002
ARCHIE,1165,2002
CHRISTOPHER,1110,2002
SAM,1069,2002
TOBY,1047,2002
KAI,1037,2002
MORGAN,1001,2002
MUHAMMAD,979,2002
JAY,971,2002
ISAAC,931,2002
JOHN,916,2002
MOHAMMAD,900,2002
ANDREW,898,2002
AIDAN,891,2002
KIAN,876,2002
JOEL,858,2002
OSCAR,836,2002
TAYLOR,836,2002
LUCAS,796,2002
LEON,790,2002
SEAN,784,2002
DOMINIC,782,2002
ELLIOT,775,2002
FINLAY,744,2002
BAILEY,734,2002
SCOTT,734,2002
JONATHAN,725,2002
BILLY,709,2002
PATRICK,693,2002
ELLIS,661,2002
JOSH,657,2002
MASON,654,2002
EWAN,651,2002
NICHOLAS,627,2002
LEO,601,2002
DECLAN,594,2002
TOM,581,2002
FINLEY,550,2002
MARCUS,546,2002
ANTHONY,542,2002
JASON,540,2002
ASHLEY,529,2002
SEBASTIAN,527,2002
PETER,504,2002
ZACHARY,502,2002
GABRIEL,491,2002
KIERON,488,2002
JACK,9037,2003
JOSHUA,8190,2003
THOMAS,7213,2003
JAMES,6305,2003
DANIEL,5794,2003
OLIVER,5062,2003
BENJAMIN,4999,2003
SAMUEL,4970,2003
WILLIAM,4904,2003
JOSEPH,4828,2003
HARRY,4644,2003
MATTHEW,4480,2003
LEWIS,4056,2003
LUKE,3958,2003
ETHAN,3924,2003
GEORGE,3479,2003
ALFIE,3450,2003
ADAM,3404,2003
CALLUM,3363,2003
ALEXANDER,3252,2003
MOHAMMED,3174,2003
RYAN,3147,2003
CAMERON,2979,2003
CHARLIE,2936,2003
CONNOR,2930,2003
BEN,2904,2003
JACOB,2903,2003
DYLAN,2886,2003
LIAM,2683,2003
NATHAN,2574,2003
JAKE,2551,2003
JAMIE,2312,2003
OWEN,2282,2003
MAX,2154,2003
TYLER,2143,2003
HARVEY,2104,2003
KIERAN,2099,2003
MICHAEL,1987,2003
KYLE,1823,2003
BRANDON,1720,2003
LOUIS,1699,2003
ALEX,1689,2003
AARON,1636,2003
BRADLEY,1582,2003
EDWARD,1412,2003
REECE,1380,2003
HARRISON,1359,2003
CHARLES,1302,2003
DAVID,1264,2003
ARCHIE,1216,2003
TOBY,1200,2003
RHYS,1186,2003
HENRY,1159,2003
JORDAN,1158,2003
JOE,1126,2003
KAI,1119,2003
KIAN,1094,2003
MORGAN,1069,2003
CHRISTOPHER,1057,2003
ROBERT,1054,2003
MUHAMMAD,1048,2003
OSCAR,992,2003
SAM,981,2003
ISAAC,942,2003
JAY,929,2003
JOHN,920,2003
SEAN,866,2003
FINLAY,860,2003
JOEL,846,2003
MOHAMMAD,845,2003
DOMINIC,842,2003
AIDAN,838,2003
LUCAS,838,2003
LEON,824,2003
ANDREW,820,2003
TAYLOR,807,2003
LEO,774,2003
ELLIOT,771,2003
JONATHAN,753,2003
BAILEY,750,2003
PATRICK,742,2003
SCOTT,713,2003
FINLEY,710,2003
BILLY,703,2003
ELLIS,677,2003
LOGAN,656,2003
MASON,654,2003
SEBASTIAN,637,2003
TOM,629,2003
SPENCER,617,2003
NICHOLAS,607,2003
DECLAN,604,2003
JOSH,598,2003
NOAH,597,2003
EWAN,552,2003
ANTHONY,543,2003
JUDE,537,2003
LUCA,536,2003
COREY,526,2003
MARCUS,521,2003
JACK,8380,2004
JOSHUA,7823,2004
THOMAS,7295,2004
JAMES,6135,2004
DANIEL,5730,2004
SAMUEL,5570,2004
OLIVER,5565,2004
WILLIAM,5212,2004
BENJAMIN,5144,2004
JOSEPH,5030,2004
HARRY,4704,2004
MATTHEW,4227,2004
ETHAN,3864,2004
LEWIS,3850,2004
CHARLIE,3666,2004
LUKE,3647,2004
GEORGE,3578,2004
CALLUM,3367,2004
MOHAMMED,3221,2004
ALEXANDER,3191,2004
DYLAN,3023,2004
RYAN,3009,2004
JACOB,2954,2004
ADAM,2938,2004
ALFIE,2804,2004
JAKE,2763,2004
BEN,2749,2004
CONNOR,2646,2004
CAMERON,2585,2004
LIAM,2533,2004
NATHAN,2459,2004
HARVEY,2416,2004
JAMIE,2359,2004
MAX,2235,2004
OWEN,2232,2004
TYLER,2232,2004
KYLE,1990,2004
LOUIS,1976,2004
MICHAEL,1836,2004
KIERAN,1730,2004
AARON,1720,2004
BRADLEY,1662,2004
EDWARD,1604,2004
BRANDON,1542,2004
ARCHIE,1512,2004
ALEX,1500,2004
HARRISON,1493,2004
HENRY,1469,2004
CHARLES,1440,2004
TOBY,1304,2004
MUHAMMAD,1286,2004
REECE,1283,2004
RHYS,1227,2004
SAM,1227,2004
DAVID,1148,2004
JOE,1132,2004
LEO,1119,2004
ISAAC,1104,2004
OSCAR,1093,2004
ROBERT,1049,2004
KIAN,1047,2004
KAI,1044,2004
FINLAY,1016,2004
JOHN,995,2004
CHRISTOPHER,966,2004
MORGAN,953,2004
JAY,947,2004
BAILEY,924,2004
MOHAMMAD,906,2004
AIDAN,901,2004
BILLY,899,2004
FINLEY,899,2004
JOEL,885,2004
NOAH,880,2004
LUCAS,869,2004
LEON,856,2004
MASON,849,2004
TAYLOR,820,2004
ANDREW,795,2004
LOGAN,795,2004
JONATHAN,787,2004
ELLIS,784,2004
SEAN,760,2004
DOMINIC,759,2004
ELLIOT,722,2004
JORDAN,692,2004
SCOTT,668,2004
RILEY,662,2004
PATRICK,655,2004
SEBASTIAN,644,2004
LOUIE,637,2004
DECLAN,608,2004
JAYDEN,597,2004
JUDE,596,2004
LUCA,586,2004
FREDDIE,585,2004
TOM,576,2004
GABRIEL,564,2004
EVAN,562,2004
JOSH,561,2004
JACK,7434,2005
JOSHUA,7167,2005
THOMAS,6792,2005
JAMES,5654,2005
OLIVER,5516,2005
DANIEL,5270,2005
SAMUEL,5219,2005
WILLIAM,5106,2005
HARRY,4638,2005
JOSEPH,4523,2005
BENJAMIN,4414,2005
CHARLIE,4033,2005
LUKE,3771,2005
CALLUM,3637,2005
MATTHEW,3633,2005
JAKE,3552,2005
GEORGE,3540,2005
ETHAN,3528,2005
LEWIS,3343,2005
MOHAMMED,3146,2005
JACOB,3057,2005
ALEXANDER,3015,2005
ALFIE,3005,2005
DYLAN,2990,2005
RYAN,2933,2005
ADAM,2869,2005
HARVEY,2431,2005
LIAM,2390,2005
TYLER,2331,2005
CONNOR,2321,2005
MAX,2279,2005
BEN,2204,2005
JAMIE,2197,2005
CAMERON,2121,2005
NATHAN,2108,2005
OWEN,2013,2005
LEO,1723,2005
ARCHIE,1685,2005
BRADLEY,1643,2005
HARRISON,1643,2005
KYLE,1638,2005
MICHAEL,1627,2005
LOUIS,1611,2005
HENRY,1595,2005
AARON,1557,2005
EDWARD,1552,2005
BRANDON,1433,2005
TOBY,1374,2005
CHARLES,1372,2005
KIERAN,1352,2005
NOAH,1346,2005
MUHAMMAD,1318,2005
ALEX,1302,2005
ISAAC,1302,2005
OSCAR,1262,2005
REECE,1256,2005
FINLAY,1172,2005
LUCAS,1126,2005
RHYS,1102,2005
MASON,1087,2005
DAVID,1079,2005
BAILEY,1061,2005
KIAN,1052,2005
FINLEY,1049,2005
JOE,1028,2005
KAI,1024,2005
SAM,1009,2005
MOHAMMAD,990,2005
JOEL,978,2005
HARLEY,959,2005
BILLY,955,2005
JOHN,946,2005
ROBERT,938,2005
RILEY,917,2005
LEON,914,2005
CHRISTOPHER,908,2005
LOGAN,895,2005
AIDAN,865,2005
FREDDIE,843,2005
MORGAN,825,2005
JAY,820,2005
ELLIOT,797,2005
LUCA,784,2005
JAYDEN,769,2005
TAYLOR,761,2005
DOMINIC,756,2005
ELLIS,754,2005
ANDREW,723,2005
SEBASTIAN,692,2005
EWAN,677,2005
COREY,665,2005
PATRICK,651,2005
JONATHAN,650,2005
SEAN,638,2005
ZACHARY,625,2005
GABRIEL,611,2005
EVAN,607,2005
FREDERICK,606,2005
SCOTT,595,2005
ZAK,582,2005
JACK,7804,2006
THOMAS,6616,2006
JOSHUA,6519,2006
OLIVER,5898,2006
HARRY,5639,2006
JAMES,5411,2006
WILLIAM,4886,2006
DANIEL,4844,2006
SAMUEL,4844,2006
CHARLIE,4734,2006
JOSEPH,4279,2006
BENJAMIN,4188,2006
CALLUM,3937,2006
GEORGE,3787,2006
JAKE,3747,2006
ALFIE,3702,2006
LUKE,3475,2006
ETHAN,3400,2006
MATTHEW,3400,2006
MOHAMMED,3239,2006
LEWIS,3238,2006
JACOB,3193,2006
DYLAN,3103,2006
ALEXANDER,3059,2006
RYAN,2761,2006
ADAM,2674,2006
TYLER,2353,2006
HARVEY,2325,2006
MAX,2248,2006
CAMERON,2096,2006
JAMIE,2068,2006
LIAM,2063,2006
LEO,2047,2006
OWEN,1965,2006
CONNOR,1951,2006
HARRISON,1926,2006
NATHAN,1894,2006
BEN,1845,2006
HENRY,1798,2006
ARCHIE,1739,2006
MICHAEL,1666,2006
EDWARD,1659,2006
MUHAMMAD,1636,2006
AARON,1620,2006
KYLE,1565,2006
OSCAR,1523,2006
NOAH,1511,2006
LUCAS,1493,2006
RHYS,1451,2006
CHARLES,1443,2006
BRADLEY,1409,2006
TOBY,1388,2006
BRANDON,1357,2006
LOUIS,1350,2006
ISAAC,1333,2006
REECE,1311,2006
ALEX,1293,2006
KIERAN,1274,2006
FINLAY,1262,2006
FINLEY,1242,2006
LOGAN,1232,2006
MASON,1230,2006
KAI,1213,2006
RILEY,1187,2006
FREDDIE,1129,2006
JAYDEN,1125,2006
DAVID,1112,2006
HARLEY,1092,2006
KIAN,1043,2006
MOHAMMAD,1033,2006
BAILEY,990,2006
SAM,952,2006
JOHN,905,2006
JOEL,897,2006
ROBERT,890,2006
LEON,884,2006
ELLIS,876,2006
JOE,844,2006
TAYLOR,839,2006
COREY,834,2006
LUCA,826,2006
BILLY,825,2006
CHRISTOPHER,824,2006
ASHTON,817,2006
EVAN,813,2006
AIDAN,804,2006
ELLIOT,786,2006
MORGAN,772,2006
HAYDEN,769,2006
JAY,756,2006
THEO,751,2006
DOMINIC,734,2006
ZACHARY,727,2006
SEBASTIAN,715,2006
SEAN,714,2006
ANDREW,681,2006
REUBEN,680,2006
GABRIEL,658,2006
FREDERICK,619,2006
EWAN,594,2006
JACK,7606,2007
THOMAS,6530,2007
OLIVER,6438,2007
JOSHUA,6038,2007
HARRY,5851,2007
DANIEL,5205,2007
CHARLIE,5194,2007
WILLIAM,5148,2007
JAMES,5136,2007
ALFIE,5014,2007
SAMUEL,4825,2007
GEORGE,3939,2007
JOSEPH,3871,2007
BENJAMIN,3638,2007
ETHAN,3544,2007
LEWIS,3468,2007
MOHAMMED,3436,2007
JAKE,3351,2007
DYLAN,3256,2007
JACOB,3155,2007
LUKE,3125,2007
ALEXANDER,3087,2007
CALLUM,3055,2007
MATTHEW,2969,2007
RYAN,2817,2007
ADAM,2449,2007
LIAM,2401,2007
TYLER,2396,2007
HARVEY,2189,2007
HARRISON,2123,2007
MAX,2121,2007
JAYDEN,2118,2007
ARCHIE,1948,2007
CAMERON,1919,2007
HENRY,1867,2007
JAMIE,1821,2007
CONNOR,1817,2007
MUHAMMAD,1815,2007
LUCAS,1782,2007
EDWARD,1780,2007
OSCAR,1777,2007
ISAAC,1762,2007
LEO,1697,2007
NATHAN,1689,2007
OWEN,1677,2007
FINLEY,1643,2007
MICHAEL,1600,2007
BEN,1585,2007
AARON,1509,2007
NOAH,1480,2007
KYLE,1478,2007
TOBY,1477,2007
LOGAN,1468,2007
CHARLES,1454,2007
MASON,1450,2007
RHYS,1426,2007
RILEY,1400,2007
ALEX,1355,2007
FINLAY,1343,2007
LOUIS,1338,2007
KIERAN,1281,2007
KAI,1198,2007
DAVID,1188,2007
FREDDIE,1175,2007
REECE,1172,2007
BRANDON,1167,2007
KIAN,1126,2007
BRADLEY,1098,2007
HARLEY,1091,2007
BAILEY,1079,2007
MOHAMMAD,1026,2007
LUCA,999,2007
THEO,974,2007
LEON,907,2007
JOHN,905,2007
SAM,869,2007
HAYDEN,868,2007
AIDAN,867,2007
ASHTON,862,2007
JOEL,858,2007
EVAN,857,2007
ZACHARY,854,2007
ELLIS,851,2007
ROBERT,831,2007
JOE,822,2007
CHRISTOPHER,814,2007
SEBASTIAN,798,2007
REUBEN,791,2007
BILLY,786,2007
TAYLOR,784,2007
ELLIOT,776,2007
GABRIEL,758,2007
COREY,702,2007
MORGAN,701,2007
JAY,674,2007
LOUIE,668,2007
SEAN,664,2007
DOMINIC,655,2007
ANDREW,629,2007
FREDERICK,627,2007
JACK,8010,2008
OLIVER,7417,2008
THOMAS,6062,2008
HARRY,6008,2008
JOSHUA,5716,2008
ALFIE,5566,2008
CHARLIE,5291,2008
DANIEL,5191,2008
JAMES,5170,2008
WILLIAM,5169,2008
SAMUEL,4624,2008
GEORGE,4214,2008
JOSEPH,3764,2008
LEWIS,3482,2008
ETHAN,3451,2008
MOHAMMED,3442,2008
DYLAN,3373,2008
BENJAMIN,3275,2008
ALEXANDER,3215,2008
JACOB,3127,2008
RYAN,3048,2008
LIAM,2986,2008
JAKE,2793,2008
MAX,2708,2008
LUKE,2582,2008
TYLER,2575,2008
CALLUM,2543,2008
MATTHEW,2531,2008
JAYDEN,2519,2008
OSCAR,2432,2008
ARCHIE,2316,2008
ADAM,2313,2008
RILEY,2203,2008
HARVEY,2195,2008
HARRISON,2153,2008
LUCAS,2103,2008
MUHAMMAD,2081,2008
HENRY,2003,2008
ISAAC,1948,2008
LEO,1903,2008
CONNOR,1877,2008
EDWARD,1825,2008
FINLEY,1808,2008
LOGAN,1707,2008
NOAH,1678,2008
CAMERON,1627,2008
ALEX,1611,2008
OWEN,1607,2008
RHYS,1600,2008
NATHAN,1586,2008
JAMIE,1533,2008
MICHAEL,1517,2008
MASON,1493,2008
TOBY,1382,2008
AARON,1362,2008
CHARLES,1346,2008
BEN,1339,2008
THEO,1295,2008
LOUIS,1205,2008
FINLAY,1200,2008
FREDDIE,1200,2008
LEON,1138,2008
HARLEY,1135,2008
DAVID,1134,2008
MOHAMMAD,1106,2008
REECE,1096,2008
KIAN,1093,2008
KAI,1057,2008
KYLE,1030,2008
BRANDON,1012,2008
HAYDEN,1007,2008
ZACHARY,995,2008
KIERAN,975,2008
LUCA,974,2008
ASHTON,955,2008
BAILEY,939,2008
SEBASTIAN,914,2008
GABRIEL,912,2008
SAM,901,2008
EVAN,890,2008
BRADLEY,849,2008
ELLIOT,821,2008
JOHN,810,2008
TAYLOR,791,2008
JOE,786,2008
COREY,778,2008
REUBEN,768,2008
JOEL,766,2008
ELLIS,764,2008
ROBERT,764,2008
AIDAN,749,2008
BLAKE,749,2008
LOUIE,729,2008
CHRISTOPHER,725,2008
EWAN,722,2008
JAY,687,2008
MORGAN,681,2008
BILLY,678,2008
SEAN,649,2008
ZAK,624,2008
OLIVER,7364,2009
JACK,7090,2009
HARRY,6143,2009
ALFIE,5536,2009
JOSHUA,5526,2009
THOMAS,5520,2009
CHARLIE,5409,2009
WILLIAM,5247,2009
JAMES,4544,2009
DANIEL,4444,2009
GEORGE,4347,2009
SAMUEL,4314,2009
ETHAN,3729,2009
JOSEPH,3613,2009
BENJAMIN,3319,2009
MOHAMMED,3300,2009
LUCAS,3276,2009
JACOB,3214,2009
DYLAN,3201,2009
ARCHIE,3069,2009
LEWIS,3008,2009
ALEXANDER,2981,2009
OSCAR,2943,2009
LIAM,2784,2009
MAX,2762,2009
JAYDEN,2667,2009
JAKE,2456,2009
CALLUM,2438,2009
RILEY,2406,2009
RYAN,2398,2009
TYLER,2366,2009
NOAH,2250,2009
LUKE,2220,2009
ADAM,2199,2009
LOGAN,2196,2009
MUHAMMAD,2162,2009
HENRY,2143,2009
MATTHEW,2122,2009
HARVEY,2077,2009
LEO,2011,2009
ISAAC,1979,2009
HARRISON,1951,2009
FINLEY,1905,2009
EDWARD,1795,2009
MASON,1718,2009
CONNOR,1670,2009
OWEN,1630,2009
JAMIE,1573,2009
NATHAN,1573,2009
ALEX,1478,2009
MICHAEL,1385,2009
CAMERON,1378,2009
FREDDIE,1356,2009
AARON,1354,2009
THEO,1323,2009
HARLEY,1290,2009
TOBY,1284,2009
CHARLES,1225,2009
RHYS,1208,2009
LEON,1155,2009
FINLAY,1093,2009
MOHAMMAD,1073,2009
SEBASTIAN,1073,2009
DAVID,1072,2009
BEN,1069,2009
LOUIS,1067,2009
ZACHARY,1020,2009
KAI,1012,2009
ASHTON,1005,2009
EVAN,973,2009
KIAN,956,2009
LUCA,936,2009
AIDEN,900,2009
KYLE,892,2009
GABRIEL,886,2009
REECE,867,2009
HAYDEN,864,2009
AIDAN,858,2009
REUBEN,854,2009
JOEL,836,2009
BAILEY,822,2009
BRANDON,801,2009
JOHN,762,2009
LOUIE,757,2009
ELLIS,756,2009
KIERAN,752,2009
ELLIOT,738,2009
SAM,735,2009
TAYLOR,731,2009
BRADLEY,730,2009
ROBERT,719,2009
JOE,713,2009
ARTHUR,712,2009
CHRISTOPHER,651,2009
EWAN,636,2009
FREDERICK,635,2009
MORGAN,634,2009
JUDE,627,2009
STANLEY,627,2009
AUSTIN,626,2009
OLIVER,8427,2010
JACK,7031,2010
HARRY,6862,2010
ALFIE,5478,2010
CHARLIE,5410,2010
THOMAS,5307,2010
WILLIAM,5256,2010
JOSHUA,5217,2010
GEORGE,4542,2010
JAMES,4351,2010
DANIEL,4330,2010
JACOB,4308,2010
ETHAN,4166,2010
SAMUEL,4144,2010
JOSEPH,3496,2010
DYLAN,3147,2010
MOHAMMED,3105,2010
NOAH,3084,2010
LUCAS,3035,2010
OSCAR,3035,2010
ALEXANDER,3025,2010
BENJAMIN,3005,2010
MAX,2707,2010
ARCHIE,2692,2010
RILEY,2690,2010
JAYDEN,2567,2010
LEWIS,2565,2010
LOGAN,2534,2010
JAKE,2510,2010
RYAN,2489,2010
MUHAMMAD,2451,2010
TYLER,2326,2010
LIAM,2253,2010
HENRY,2239,2010
FINLEY,2189,2010
LEO,2123,2010
ISAAC,2115,2010
LUKE,2090,2010
ADAM,2088,2010
CALLUM,2044,2010
MATTHEW,1984,2010
HARRISON,1943,2010
EDWARD,1903,2010
CONNOR,1766,2010
FREDDIE,1716,2010
MASON,1712,2010
HARVEY,1698,2010
NATHAN,1571,2010
JAMIE,1528,2010
THEO,1478,2010
ZACHARY,1390,2010
ALEX,1359,2010
MICHAEL,1353,2010
TOBY,1330,2010
AARON,1326,2010
KAI,1308,2010
HARLEY,1304,2010
SEBASTIAN,1242,2010
OWEN,1238,2010
LEON,1204,2010
CAMERON,1191,2010
CHARLES,1152,2010
OLLIE,1130,2010
DAVID,1094,2010
RHYS,1037,2010
AIDEN,1022,2010
MOHAMMAD,1020,2010
FINLAY,981,2010
LOUIS,957,2010
LUCA,953,2010
REUBEN,931,2010
KIAN,930,2010
BEN,924,2010
KYLE,904,2010
LOUIE,904,2010
EVAN,892,2010
ASHTON,886,2010
GABRIEL,874,2010
BAILEY,841,2010
HAYDEN,825,2010
JOEL,802,2010
ARTHUR,786,2010
BOBBY,773,2010
REECE,771,2010
ELLIOT,760,2010
JUDE,757,2010
CALEB,747,2010
STANLEY,737,2010
KIERAN,723,2010
ROBERT,721,2010
AIDAN,710,2010
BRANDON,697,2010
SAM,692,2010
JOHN,690,2010
FREDERICK,688,2010
JENSON,686,2010
TAYLOR,683,2010
DEXTER,676,2010
KAYDEN,671,2010
BRADLEY,668,2010
HARRY,7523,2011
OLIVER,7007,2011
JACK,6844,2011
ALFIE,5524,2011
CHARLIE,5516,2011
THOMAS,5353,2011
JACOB,5047,2011
JAMES,4945,2011
JOSHUA,4786,2011
WILLIAM,4632,2011
ETHAN,4581,2011
GEORGE,4347,2011
RILEY,4226,2011
DANIEL,3928,2011
SAMUEL,3803,2011
NOAH,3287,2011
OSCAR,3251,2011
JOSEPH,3089,2011
MOHAMMED,3054,2011
MAX,3043,2011
DYLAN,2962,2011
MUHAMMAD,2854,2011
ALEXANDER,2819,2011
ARCHIE,2805,2011
BENJAMIN,2789,2011
LUCAS,2716,2011
LEO,2664,2011
HENRY,2625,2011
JAKE,2619,2011
LOGAN,2549,2011
TYLER,2520,2011
JAYDEN,2353,2011
ISAAC,2352,2011
FINLEY,2245,2011
MASON,2171,2011
RYAN,2151,2011
HARRISON,2122,2011
ADAM,2062,2011
LEWIS,2035,2011
EDWARD,1935,2011
LUKE,1830,2011
FREDDIE,1819,2011
MATTHEW,1743,2011
LIAM,1690,2011
ZACHARY,1664,2011
CALLUM,1580,2011
SEBASTIAN,1493,2011
CONNOR,1471,2011
JAMIE,1445,2011
THEO,1407,2011
TOBY,1389,2011
HARVEY,1388,2011
MICHAEL,1364,2011
NATHAN,1319,2011
HARLEY,1308,2011
KAI,1211,2011
DAVID,1163,2011
AARON,1147,2011
ALEX,1129,2011
CHARLES,1090,2011
AIDEN,1077,2011
LEON,1069,2011
MOHAMMAD,1037,2011
LUCA,982,2011
TOMMY,980,2011
FINLAY,967,2011
JENSON,966,2011
ARTHUR,961,2011
LOUIS,961,2011
RHYS,946,2011
OWEN,943,2011
REUBEN,941,2011
OLLIE,933,2011
LOUIE,887,2011
GABRIEL,874,2011
BOBBY,869,2011
CAMERON,848,2011
DEXTER,833,2011
BLAKE,831,2011
STANLEY,824,2011
KIAN,800,2011
EVAN,770,2011
JUDE,764,2011
FRANKIE,756,2011
ELLIOT,755,2011
HAYDEN,747,2011
ASHTON,727,2011
JOEL,712,2011
CALEB,709,2011
BAILEY,704,2011
ELIJAH,701,2011
TAYLOR,696,2011
ROBERT,694,2011
KAYDEN,686,2011
KYLE,683,2011
FREDERICK,669,2011
BEN,667,2011
REECE,656,2011
JACKSON,647,2011
JOHN,645,2011
HARRY,7168,2012
OLIVER,6669,2012
JACK,6230,2012
CHARLIE,5571,2012
JACOB,5286,2012
THOMAS,4893,2012
ALFIE,4843,2012
RILEY,4825,2012
WILLIAM,4590,2012
JAMES,4495,2012
JOSHUA,4444,2012
GEORGE,4408,2012
ETHAN,4221,2012
NOAH,3912,2012
SAMUEL,3499,2012
DANIEL,3404,2012
OSCAR,3289,2012
MAX,3220,2012
MUHAMMAD,3161,2012
LEO,3134,2012
TYLER,3125,2012
JOSEPH,3074,2012
ARCHIE,3062,2012
HENRY,2928,2012
LUCAS,2858,2012
MOHAMMED,2853,2012
ALEXANDER,2836,2012
DYLAN,2800,2012
LOGAN,2700,2012
ISAAC,2682,2012
MASON,2625,2012
BENJAMIN,2564,2012
JAKE,2423,2012
FINLEY,2248,2012
HARRISON,2224,2012
EDWARD,2088,2012
JAYDEN,1977,2012
FREDDIE,1936,2012
ADAM,1907,2012
ZACHARY,1722,2012
SEBASTIAN,1705,2012
RYAN,1675,2012
LEWIS,1654,2012
THEO,1629,2012
LUKE,1557,2012
HARLEY,1543,2012
MATTHEW,1518,2012
HARVEY,1456,2012
TOBY,1398,2012
LIAM,1374,2012
CALLUM,1322,2012
ARTHUR,1310,2012
MICHAEL,1302,2012
JENSON,1284,2012
TOMMY,1281,2012
NATHAN,1212,2012
BOBBY,1186,2012
CONNOR,1152,2012
DAVID,1148,2012
MOHAMMAD,1125,2012
LUCA,1117,2012
CHARLES,1088,2012
KAI,1075,2012
JAMIE,1070,2012
ALEX,1064,2012
BLAKE,1046,2012
FRANKIE,1046,2012
REUBEN,1014,2012
AARON,959,2012
DEXTER,955,2012
JUDE,920,2012
LEON,918,2012
OLLIE,907,2012
STANLEY,890,2012
ELLIOT,876,2012
GABRIEL,858,2012
CAMERON,849,2012
OWEN,839,2012
LOUIE,832,2012
AIDEN,825,2012
LOUIS,815,2012
ELIJAH,792,2012
FINLAY,791,2012
RHYS,769,2012
CALEB,763,2012
EVAN,744,2012
FREDERICK,733,2012
HUGO,724,2012
KIAN,701,2012
SONNY,686,2012
SETH,683,2012
KAYDEN,678,2012
TAYLOR,677,2012
KYLE,676,2012
ELLIOTT,672,2012
ROBERT,660,2012
THEODORE,655,2012
BAILEY,646,2012
RORY,642,2012
ELLIS,627,2012
OLIVER,6949,2013
JACK,6212,2013
HARRY,5888,2013
JACOB,5126,2013
CHARLIE,5039,2013
THOMAS,4591,2013
OSCAR,4511,2013
WILLIAM,4268,2013
JAMES,4236,2013
GEORGE,4202,2013
ALFIE,4138,2013
JOSHUA,3973,2013
NOAH,3830,2013
ETHAN,3572,2013
MUHAMMAD,3499,2013
ARCHIE,3265,2013
LEO,3264,2013
HENRY,3248,2013
JOSEPH,3225,2013
SAMUEL,3188,2013
RILEY,3122,2013
DANIEL,3095,2013
MOHAMMED,2887,2013
ALEXANDER,2837,2013
MAX,2836,2013
LUCAS,2793,2013
MASON,2724,2013
LOGAN,2621,2013
ISAAC,2569,2013
BENJAMIN,2532,2013
DYLAN,2393,2013
JAKE,2311,2013
EDWARD,2273,2013
FINLEY,2154,2013
FREDDIE,2089,2013
HARRISON,2038,2013
TYLER,2021,2013
SEBASTIAN,1828,2013
ZACHARY,1780,2013
ADAM,1761,2013
THEO,1759,2013
JAYDEN,1657,2013
ARTHUR,1559,2013
TOBY,1431,2013
LUKE,1415,2013
LEWIS,1329,2013
MATTHEW,1319,2013
HARVEY,1276,2013
HARLEY,1275,2013
DAVID,1248,2013
RYAN,1234,2013
TOMMY,1207,2013
MICHAEL,1200,2013
REUBEN,1144,2013
NATHAN,1131,2013
BLAKE,1083,2013
MOHAMMAD,1059,2013
JENSON,1055,2013
BOBBY,1049,2013
LUCA,1034,2013
CHARLES,1029,2013
FRANKIE,1024,2013
DEXTER,1019,2013
KAI,1002,2013
ALEX,986,2013
CONNOR,974,2013
LIAM,973,2013
JAMIE,912,2013
ELIJAH,908,2013
STANLEY,904,2013
LOUIE,868,2013
JUDE,867,2013
CALLUM,855,2013
HUGO,842,2013
LEON,837,2013
ELLIOT,829,2013
LOUIS,827,2013
THEODORE,822,2013
GABRIEL,818,2013
OLLIE,800,2013
AARON,778,2013
FREDERICK,766,2013
EVAN,723,2013
ELLIOTT,722,2013
OWEN,708,2013
TEDDY,698,2013
FINLAY,691,2013
CALEB,679,2013
IBRAHIM,677,2013
RONNIE,671,2013
FELIX,666,2013
AIDEN,665,2013
CAMERON,659,2013
AUSTIN,657,2013
KIAN,654,2013
RORY,652,2013
SETH,648,2013
ROBERT,645,2013
ALBERT,633,2013
SONNY,630,2013
OLIVER,6649,2014
JACK,5804,2014
HARRY,5379,2014
JACOB,5050,2014
CHARLIE,4642,2014
THOMAS,4405,2014
GEORGE,4320,2014
OSCAR,4269,2014
JAMES,4167,2014
WILLIAM,4134,2014
NOAH,4085,2014
ALFIE,3868,2014
JOSHUA,3812,2014
MUHAMMAD,3588,2014
HENRY,3572,2014
LEO,3414,2014
ARCHIE,3099,2014
ETHAN,3061,2014
JOSEPH,3041,2014
FREDDIE,3023,2014
SAMUEL,3021,2014
ALEXANDER,2978,2014
LOGAN,2813,2014
DANIEL,2775,2014
ISAAC,2636,2014
MAX,2602,2014
MOHAMMED,2536,2014
BENJAMIN,2490,2014
MASON,2470,2014
LUCAS,2445,2014
EDWARD,2417,2014
HARRISON,2214,2014
JAKE,2207,2014
DYLAN,2188,2014
RILEY,2177,2014
FINLEY,2115,2014
THEO,2008,2014
SEBASTIAN,1965,2014
ADAM,1790,2014
ZACHARY,1670,2014
ARTHUR,1649,2014
TOBY,1352,2014
JAYDEN,1334,2014
LUKE,1322,2014
HARLEY,1303,2014
LEWIS,1236,2014
TYLER,1235,2014
HARVEY,1228,2014
MATTHEW,1216,2014
DAVID,1209,2014
REUBEN,1166,2014
MICHAEL,1139,2014
ELIJAH,1125,2014
KIAN,1123,2014
TOMMY,1120,2014
MOHAMMAD,1116,2014
BLAKE,1106,2014
LUCA,1101,2014
THEODORE,1090,2014
STANLEY,1059,2014
JENSON,1058,2014
NATHAN,1055,2014
CHARLES,1037,2014
FRANKIE,1030,2014
JUDE,1018,2014
TEDDY,1017,2014
LOUIE,1015,2014
LOUIS,999,2014
RYAN,989,2014
HUGO,956,2014
BOBBY,922,2014
ELLIOTT,914,2014
DEXTER,908,2014
OLLIE,906,2014
ALEX,903,2014
LIAM,902,2014
KAI,858,2014
GABRIEL,842,2014
CONNOR,841,2014
AARON,819,2014
FREDERICK,815,2014
CALLUM,803,2014
ELLIOT,780,2014
ALBERT,778,2014
LEON,765,2014
RONNIE,756,2014
RORY,755,2014
JAMIE,749,2014
AUSTIN,707,2014
SETH,694,2014
IBRAHIM,669,2014
OWEN,663,2014
CALEB,648,2014
ELLIS,641,2014
SONNY,640,2014
ROBERT,631,2014
JOEY,627,2014
FELIX,614,2014
FINLAY,611,2014
JACKSON,602,2014
OLIVER,6941,2015
JACK,5371,2015
HARRY,5308,2015
GEORGE,4869,2015
JACOB,4850,2015
CHARLIE,4831,2015
NOAH,4148,2015
WILLIAM,4083,2015
THOMAS,4075,2015
OSCAR,4066,2015
JAMES,3912,2015
MUHAMMAD,3730,2015
HENRY,3581,2015
ALFIE,3540,2015
LEO,3468,2015
JOSHUA,3394,2015
FREDDIE,3219,2015
ETHAN,2940,2015
ARCHIE,2912,2015
ISAAC,2829,2015
JOSEPH,2786,2015
ALEXANDER,2759,2015
SAMUEL,2705,2015
DANIEL,2622,2015
LOGAN,2610,2015
EDWARD,2593,2015
LUCAS,2448,2015
MAX,2407,2015
MOHAMMED,2332,2015
BENJAMIN,2328,2015
MASON,2263,2015
HARRISON,2241,2015
THEO,2103,2015
JAKE,2013,2015
SEBASTIAN,1988,2015
FINLEY,1978,2015
ARTHUR,1966,2015
ADAM,1903,2015
DYLAN,1903,2015
RILEY,1728,2015
ZACHARY,1644,2015
TEDDY,1430,2015
DAVID,1394,2015
TOBY,1363,2015
THEODORE,1302,2015
ELIJAH,1294,2015
MATTHEW,1279,2015
JENSON,1223,2015
JAYDEN,1219,2015
HARVEY,1190,2015
REUBEN,1188,2015
HARLEY,1175,2015
LUCA,1167,2015
MICHAEL,1165,2015
HUGO,1153,2015
LEWIS,1148,2015
FRANKIE,1112,2015
LUKE,1095,2015
STANLEY,1078,2015
TOMMY,1075,2015
JUDE,1040,2015
BLAKE,1024,2015
LOUIE,1002,2015
NATHAN,997,2015
GABRIEL,989,2015
CHARLES,985,2015
BOBBY,983,2015
MOHAMMAD,976,2015
RYAN,955,2015
TYLER,948,2015
ELLIOTT,938,2015
ALBERT,933,2015
ELLIOT,926,2015
RORY,912,2015
ALEX,900,2015
FREDERICK,875,2015
OLLIE,873,2015
LOUIS,854,2015
DEXTER,850,2015
JAXON,837,2015
LIAM,836,2015
JACKSON,818,2015
CALLUM,798,2015
RONNIE,798,2015
LEON,795,2015
KAI,775,2015
AARON,773,2015
ROMAN,763,2015
AUSTIN,751,2015
ELLIS,721,2015
JAMIE,708,2015
REGGIE,708,2015
SETH,703,2015
CARTER,689,2015
FELIX,680,2015
IBRAHIM,674,2015
SONNY,670,2015
KIAN,665,2015
CALEB,659,2015
CONNOR,642,2015
