,accessionmethod,accessionyear,accesslevel,century,classification,classificationid,colorcount,colors,commentary,contact,contextualtextcount,copyright,creditline,culture,datebegin,dated,dateend,dateoffirstpageview,dateoflastpageview,department,description,details,dimensions,division,edition,exhibitioncount,groupcount,id,imagecount,imagepermissionlevel,images,labeltext,lastupdate,markscount,mediacount,medium,objectid,objectnumber,people,peoplecount,period,periodid,primaryimageurl,provenance,publicationcount,rank,relatedcount,seeAlso,signed,standardreferencenumber,state,style,technique,techniqueid,title,titlescount,totalpageviews,totaluniquepageviews,url,verificationlevel,verificationleveldescription,worktypes
0,Purchase,2002,1,2nd-3rd century CE,Coins,50,0,,,am_asianmediterranean@harvard.edu,0,,"Harvard Art Museums/Arthur M. Sackler Museum, David M. Robinson Fund",Roman Provincial,197,197-217,217,2010-02-25,2020-02-12,Department of Ancient and Byzantine Art & Numismatics,"Obv.: Bust of Caracalla, r., laureate and wearing paludamentum and cuirass.
Rev.: Representation of the myth of Hero and Leander: Hero stands facing l. on tower (lighthouse of Sestos) at r., holding lighted lamp with extended r. arm and with l. hand on hip; Leander swims r.; above, Eros holding a torch flies r.","{'coins': {'dateonobject': None, 'metal': 'AE', 'reverseinscription': None, 'dieaxis': '12', 'obverseinscription': None, 'denomination': None}}",31.37 g,Asian and Mediterranean Art,,0,2,97575,4,0,"[{'height': 1001, 'iiifbaseuri': 'https://ids.lib.harvard.edu/ids/iiif/450263076', 'baseimageurl': 'https://nrs.harvard.edu/urn-3:HUAM:767471', 'width': 2550, 'publiccaption': None, 'idsid': 450263076, 'displayorder': 1, 'format': 'image/jpeg', 'copyright': 'President and Fellows of Harvard College', 'imageid': 489665, 'renditionnumber': '767471'}, {'height': 954, 'iiifbaseuri': 'https://ids.lib.harvard.edu/ids/iiif/17804986', 'baseimageurl': 'https://nrs.harvard.edu/urn-3:HUAM:62504_dynmc', 'width': 1024, 'publiccaption': 'verso', 'idsid': 17804986, 'displayorder': 2, 'format': 'image/jpeg', 'copyright': 'President and Fellows of Harvard College', 'imageid': 22041, 'renditionnumber': '62504'}, {'height': 918, 'iiifbaseuri': 'https://ids.lib.harvard.edu/ids/iiif/17817337', 'baseimageurl': 'https://nrs.harvard.edu/urn-3:HUAM:73751_dynmc', 'width': 1024, 'publiccaption': 'recto', 'idsid': 17817337, 'displayorder': 3, 'format': 'image/jpeg', 'copyright': 'President and Fellows of Harvard College', 'imageid': 133832, 'renditionnumber': '73751'}, {'height': 1188, 'iiifbaseuri': 'https://ids.lib.harvard.edu/ids/iiif/3002852', 'baseimageurl': 'https://nrs.harvard.edu/urn-3:huam:COIN15991_dynmc', 'width': 2550, 'publiccaption': None, 'idsid': 3002852, 'displayorder': 4, 'format': 'image/jpeg', 'copyright': 'President and Fellows of Harvard College', 'imageid': 45283, 'renditionnumber': 'COIN15991'}]",,2020-02-26T05:37:23-0500,0,0,Bronze,97575,2002.282.5,"[{'alphasort': 'Caracalla', 'birthplace': None, 'name': 'Caracalla', 'prefix': None, 'personid': 19588, 'gender': 'male', 'role': 'Coin Constituent', 'displayorder': 1, 'culture': 'Roman', 'displaydate': 'r. 188 - 217 CE', 'deathplace': None, 'displayname': 'Caracalla'}]",1,"Roman Imperial period, Middle",632.0,https://nrs.harvard.edu/urn-3:HUAM:767471,"Th. Prowe and V.M. Brand Coll.
Auktion Egger, Vienna 46 (1914) lot.603
Sotheby Parke Bernett, London, The Brand Collection 7 (1984) lot.359
M&M Deutschland, Auktion 11, 7-8 November 2002, lot.62",0,1,0,"[{'id': 'https://iiif.harvardartmuseums.org/manifests/object/97575', 'type': 'IIIF Manifest', 'format': 'application/json', 'profile': 'http://iiif.io/api/presentation/2/context.json'}]",,Cf. BMC p. 7 no. 60 (rev.),,,Struck,7320.0,Coin of Abydos under Caracalla,1,609,520,https://www.harvardartmuseums.org/collections/object/97575,3,Good. Object is well described and information is vetted,"[{'worktypeid': '100', 'worktype': 'coin'}]"
1,Bequest,1985,1,13th century,Prints,23,10,"[{'percent': 0.28490358126722, 'spectrum': '#e9715f', 'color': '#e1e1c8', 'css3': '#dcdcdc', 'hue': 'Green'}, {'percent': 0.26683195592287, 'spectrum': '#e76d63', 'color': '#fae1e1', 'css3': '#ffe4e1', 'hue': 'Red'}, {'percent': 0.2168044077135, 'spectrum': '#2eb45d', 'color': '#323232', 'css3': '#2f4f4f', 'hue': 'Grey'}, {'percent': 0.12683195592287, 'spectrum': '#b55592', 'color': '#c8c8af', 'css3': '#c0c0c0', 'hue': 'Green'}, {'percent': 0.054545454545455, 'spectrum': '#8e5ea7', 'color': '#afaf96', 'css3': '#a9a9a9', 'hue': 'Green'}, {'percent': 0.023471074380165, 'spectrum': '#1eb264', 'color': '#191919', 'css3': '#000000', 'hue': 'Grey'}, {'percent': 0.013774104683196, 'spectrum': '#8e5ea7', 'color': '#96967d', 'css3': '#808080', 'hue': 'Green'}, {'percent': 0.0056749311294766, 'spectrum': '#3db657', 'color': '#4b4b4b', 'css3': '#2f4f4f', 'hue': 'Grey'}, {'percent': 0.0039118457300275, 'spectrum': '#6cbd45', 'color': '#7d7d64', 'css3': '#808080', 'hue': 'Yellow'}, {'percent': 0.0032506887052342, 'spectrum': '#59ba4a', 'color': '#64644b', 'css3': '#696969', 'hue': 'Green'}]",,am_asianmediterranean@harvard.edu,0,,"Harvard Art Museums/Arthur M. Sackler Museum, Bequest of the Hofer Collection of the Arts of Asia",Korean,1242,1242,1242,2010-03-18,2020-02-13,Department of Asian Art,,,each page: H. 30.6 x W. 12.4 cm (12 1/16 x 4 7/8 in.),Asian and Mediterranean Art,,0,1,209912,4,0,"[{'height': 2068, 'iiifbaseuri': 'https://ids.lib.harvard.edu/ids/iiif/18724304', 'baseimageurl': 'https://nrs.harvard.edu/urn-3:HUAM:CARP10520_dynmc', 'width': 1675, 'publiccaption': None, 'idsid': 18724304, 'displayorder': 1, 'format': 'image/jpeg', 'copyright': 'President and Fellows of Harvard College', 'imageid': 98038, 'renditionnumber': 'CARP10520'}, {'height': 1024, 'iiifbaseuri': 'https://ids.lib.harvard.edu/ids/iiif/18731250', 'baseimageurl': 'https://nrs.harvard.edu/urn-3:HUAM:CARP03002_dynmc', 'width': 446, 'publiccaption': 'cover', 'idsid': 18731250, 'displayorder': 2, 'format': 'image/jpeg', 'copyright': 'President and Fellows of Harvard College', 'imageid': 94231, 'renditionnumber': 'CARP03002'}, {'height': 1024, 'iiifbaseuri': 'https://ids.lib.harvard.edu/ids/iiif/18731251', 'baseimageurl': 'https://nrs.harvard.edu/urn-3:HUAM:CARP03003_dynmc', 'width': 795, 'publiccaption': None, 'idsid': 18731251, 'displayorder': 3, 'format': 'image/jpeg', 'copyright': 'President and Fellows of Harvard College', 'imageid': 30659, 'renditionnumber': 'CARP03003'}, {'height': 1024, 'iiifbaseuri': 'https://ids.lib.harvard.edu/ids/iiif/18724305', 'baseimageurl': 'https://nrs.harvard.edu/urn-3:HUAM:CARP10521_dynmc', 'width': 414, 'publiccaption': None, 'idsid': 18724305, 'displayorder': 4, 'format': 'image/jpeg', 'copyright': 'President and Fellows of Harvard College', 'imageid': 98039, 'renditionnumber': 'CARP10521'}]",,2020-02-26T05:40:27-0500,0,0,"Accordion-fold, woodblock-printed book; ink on paper",209912,1985.951,,0,"Koryŏ dynasty, 918-1392",532.0,https://nrs.harvard.edu/urn-3:HUAM:CARP10520_dynmc,"Philip Hofer (1898-1984), Cambridge, MA (by 1985), bequest; to Harvard University Art Museums, 1985.",0,2,0,"[{'id': 'https://iiif.harvardartmuseums.org/manifests/object/209912', 'type': 'IIIF Manifest', 'format': 'application/json', 'profile': 'http://iiif.io/api/presentation/2/context.json'}]",,,,,,,"Buddhist Sutra: Posal Sŏngkye Kyŏng (Chinese, Pusa Shanjie Jing), complete in one volume",2,538,476,https://www.harvardartmuseums.org/collections/object/209912,2,Adequate. Object is adequately described but information may not be vetted,"[{'worktypeid': '2', 'worktype': 'accordion-fold book'}]"
2,Gift,2009,1,20th century,Photographs,17,7,"[{'percent': 0.38301075268817, 'spectrum': '#4ab851', 'color': '#4b3232', 'css3': '#2f4f4f', 'hue': 'Red'}, {'percent': 0.15559139784946, 'spectrum': '#b65590', 'color': '#967d64', 'css3': '#808080', 'hue': 'Brown'}, {'percent': 0.14274193548387, 'spectrum': '#b25593', 'color': '#7d644b', 'css3': '#696969', 'hue': 'Yellow'}, {'percent': 0.10913978494624, 'spectrum': '#c25687', 'color': '#af967d', 'css3': '#bc8f8f', 'hue': 'Brown'}, {'percent': 0.092043010752688, 'spectrum': '#e9715f', 'color': '#e1c8af', 'css3': '#f5deb3', 'hue': 'Orange'}, {'percent': 0.082204301075269, 'spectrum': '#e66c64', 'color': '#c8af96', 'css3': '#d2b48c', 'hue': 'Brown'}, {'percent': 0.035268817204301, 'spectrum': '#e9715f', 'color': '#e1e1c8', 'css3': '#dcdcdc', 'hue': 'Green'}]","Published in Camera Work, no. 12 (1905). Several of Herzog's works, including ""The Banks of Lethe"" and ""Twixt the Cup and the Lip,"" were included in Camera Work, no. 17 (January 1907), and a copy of this issue is also in the Fogg's photography holdings.",am_europeanamerican@harvard.edu,0,,"Harvard Art Museums/Fogg Museum, Gift of Paula and Mack Lee",American,1905,1905,1905,2009-12-23,2020-02-14,Department of Photographs,,,"20.9 x 17.2 cm (8 1/4 x 6 3/4 in.)
sheet: 30.4 x 21 cm (11 15/16 x 8 1/4 in.)",European and American Art,,1,2,331746,1,0,"[{'height': 2550, 'iiifbaseuri': 'https://ids.lib.harvard.edu/ids/iiif/13786622', 'baseimageurl': 'https://nrs.harvard.edu/urn-3:HUAM:DDC107963_dynmc', 'width': 2109, 'publiccaption': None, 'idsid': 13786622, 'displayorder': 1, 'format': 'image/jpeg', 'copyright': 'President and Fellows of Harvard College', 'imageid': 349233, 'renditionnumber': 'DDC107963'}]",,2020-02-26T05:44:26-0500,0,0,,331746,2009.58,"[{'alphasort': 'Herzog, F. Benedict', 'birthplace': 'New York City', 'name': 'F. Benedict Herzog', 'prefix': None, 'personid': 34833, 'gender': 'unknown', 'role': 'Artist', 'displayorder': 1, 'culture': 'American', 'displaydate': '1859 - 1912', 'deathplace': None, 'displayname': 'F. Benedict Herzog'}]",1,,,https://nrs.harvard.edu/urn-3:HUAM:DDC107963_dynmc,,0,3,0,"[{'id': 'https://iiif.harvardartmuseums.org/manifests/object/331746', 'type': 'IIIF Manifest', 'format': 'application/json', 'profile': 'http://iiif.io/api/presentation/2/context.json'}]",,,,,Photogravure,538.0,Angela,1,553,499,https://www.harvardartmuseums.org/collections/object/331746,3,Good. Object is well described and information is vetted,"[{'worktypeid': '259', 'worktype': 'photograph'}]"
3,Gift,1999,1,16th century,Manuscripts,185,9,"[{'percent': 0.37936170212766, 'spectrum': '#7866ad', 'color': '#7d967d', 'css3': '#808080', 'hue': 'Green'}, {'percent': 0.33432624113475, 'spectrum': '#656cb2', 'color': '#649696', 'css3': '#5f9ea0', 'hue': 'Blue'}, {'percent': 0.14375886524823, 'spectrum': '#b55592', 'color': '#c8c8af', 'css3': '#c0c0c0', 'hue': 'Green'}, {'percent': 0.089787234042553, 'spectrum': '#8e5ea7', 'color': '#afaf96', 'css3': '#a9a9a9', 'hue': 'Green'}, {'percent': 0.025248226950355, 'spectrum': '#7866ad', 'color': '#646464', 'css3': '#696969', 'hue': 'Grey'}, {'percent': 0.0091489361702128, 'spectrum': '#3db657', 'color': '#4b4b4b', 'css3': '#2f4f4f', 'hue': 'Grey'}, {'percent': 0.0073049645390071, 'spectrum': '#5e6db3', 'color': '#4b4b7d', 'css3': '#483d8b', 'hue': 'Violet'}, {'percent': 0.0070921985815603, 'spectrum': '#2eb45d', 'color': '#323232', 'css3': '#2f4f4f', 'hue': 'Grey'}, {'percent': 0.0039716312056738, 'spectrum': '#1eb264', 'color': '#191919', 'css3': '#000000', 'hue': 'Grey'}]",,am_asianmediterranean@harvard.edu,0,,"Harvard Art Museums/Arthur M. Sackler Museum, Gift of Stuart Cary Welch, Jr.",Persian,1525,c.1530,1535,2009-05-12,2020-02-14,Department of Islamic & Later Indian Art,,,folio: 28.9 x 18 cm (11 3/8 x 7 1/16 in.),Asian and Mediterranean Art,,1,2,216942,2,0,"[{'height': 2550, 'iiifbaseuri': 'https://ids.lib.harvard.edu/ids/iiif/17387884', 'baseimageurl': 'https://nrs.harvard.edu/urn-3:HUAM:51811_dynmc', 'width': 1604, 'publiccaption': 'recto', 'idsid': 17387884, 'displayorder': 1, 'format': 'image/jpeg', 'copyright': 'President and Fellows of Harvard College', 'imageid': 131371, 'renditionnumber': '51811'}, {'height': 2550, 'iiifbaseuri': 'https://ids.lib.harvard.edu/ids/iiif/17387933', 'baseimageurl': 'https://nrs.harvard.edu/urn-3:HUAM:51907_dynmc', 'width': 1600, 'publiccaption': 'verso', 'idsid': 17387933, 'displayorder': 2, 'format': 'image/jpeg', 'copyright': 'President and Fellows of Harvard College', 'imageid': 131393, 'renditionnumber': '51907'}]",,2020-02-26T05:40:42-0500,0,0,"Ink, color and gold on paper",216942,1999.300.1,,0,Safavid period,2363.0,https://nrs.harvard.edu/urn-3:HUAM:51811_dynmc,"Stuart Cary Welch, Jr., Contootook, NH, (by 1999), gift; to Harvard University Art Museums, 1999.",2,4,1,"[{'id': 'https://iiif.harvardartmuseums.org/manifests/object/216942', 'type': 'IIIF Manifest', 'format': 'application/json', 'profile': 'http://iiif.io/api/presentation/2/context.json'}]",`amal-i Shaykh Zada (done by Shaykh Zada),,,,,,"Text (recto and verso), folio 76r from a Divan (collected works) of Hafiz, right-hand side of a bifolo.",2,667,541,https://www.harvardartmuseums.org/collections/object/216942,3,Good. Object is well described and information is vetted,"[{'worktypeid': '210', 'worktype': 'manuscript folio'}]"
4,Gift,2002,1,4th century BCE,Coins,50,0,,,am_asianmediterranean@harvard.edu,0,,"Harvard Art Museums/Arthur M. Sackler Museum, Gift of Cornelius C. Vermeule, III",Greek,-319,319 BCE-315 BCE,-315,2009-05-25,2020-02-14,Department of Ancient and Byzantine Art & Numismatics,"Obv.: Head of young Heracles r. wearing lion skin.
Rev.: Zeus seated l. on throne holding eagle and scepter; to l., G [Greek gamma]; below throne, A; to r., amphora; in exergue, ivy-leaf.","{'coins': {'dateonobject': None, 'metal': 'AR', 'reverseinscription': 'G A', 'dieaxis': '2', 'obverseinscription': None, 'denomination': 'tetradrachm'}}",17.11 g,Asian and Mediterranean Art,,1,1,146994,1,0,"[{'height': 1188, 'iiifbaseuri': 'https://ids.lib.harvard.edu/ids/iiif/18779226', 'baseimageurl': 'https://nrs.harvard.edu/urn-3:HUAM:COIN01761_dynmc', 'width': 2550, 'publiccaption': None, 'idsid': 18779226, 'displayorder': 1, 'format': 'image/jpeg', 'copyright': 'President and Fellows of Harvard College', 'imageid': 38762, 'renditionnumber': 'COIN01761'}]",,2020-02-26T05:38:26-0500,0,0,Silver,146994,2002.34,"[{'alphasort': 'Alexander III, the Great', 'birthplace': None, 'name': 'Alexander III, the Great', 'prefix': None, 'personid': 19560, 'gender': 'male', 'role': 'Coin Constituent', 'displayorder': 1, 'culture': 'Greek', 'displaydate': 'r. 336-323 BCE', 'deathplace': 'Babylon', 'displayname': 'Alexander III, the Great'}]",1,"Hellenistic period, Early",352.0,https://nrs.harvard.edu/urn-3:HUAM:COIN01761_dynmc,"CNG Sale 54, 14 June 2000, no.472.",0,5,0,"[{'id': 'https://iiif.harvardartmuseums.org/manifests/object/146994', 'type': 'IIIF Manifest', 'format': 'application/json', 'profile': 'http://iiif.io/api/presentation/2/context.json'}]",,Price 2649,,,Struck,7320.0,"Tetradrachm of Alexander the Great, Sardis",1,682,568,https://www.harvardartmuseums.org/collections/object/146994,3,Good. Object is well described and information is vetted,"[{'worktypeid': '100', 'worktype': 'coin'}]"
5,Bequest,1972,1,1st century BCE,Coins,50,0,,,am_asianmediterranean@harvard.edu,0,,"Harvard Art Museums/Arthur M. Sackler Museum, Bequest of Frederick M. Watkins",Roman Republican,-43,43-42 BCE,-42,2009-11-30,2020-02-14,Department of Ancient and Byzantine Art & Numismatics,"Obv.: Head of Brutus r., bare headed, with slight beard.
Rev.: Cap of Liberty (pileus) between two daggers with points downwards.","{'coins': {'dateonobject': None, 'metal': 'AR', 'reverseinscription': 'EID.MAR', 'dieaxis': '12', 'obverseinscription': 'Around, clockwise, BRVT.IMP; around, counter-clockwise,   -brvt impL.PLAET.CEST', 'denomination': 'denarius'}}",3.76 g,Asian and Mediterranean Art,,2,2,195435,4,0,"[{'height': 1075, 'iiifbaseuri': 'https://ids.lib.harvard.edu/ids/iiif/445832293', 'baseimageurl': 'https://nrs.harvard.edu/urn-3:HUAM:767239', 'width': 2550, 'publiccaption': None, 'idsid': 445832293, 'displayorder': 1, 'format': 'image/jpeg', 'copyright': 'President and Fellows of Harvard College', 'imageid': 488701, 'renditionnumber': '767239'}, {'height': 478, 'iiifbaseuri': 'https://ids.lib.harvard.edu/ids/iiif/18735525', 'baseimageurl': 'https://nrs.harvard.edu/urn-3:HUAM:COIN03076_dynmc', 'width': 1024, 'publiccaption': None, 'idsid': 18735525, 'displayorder': 2, 'format': 'image/jpeg', 'copyright': 'President and Fellows of Harvard College', 'imageid': 101951, 'renditionnumber': 'COIN03076'}, {'height': 682, 'iiifbaseuri': 'https://ids.lib.harvard.edu/ids/iiif/434667817', 'baseimageurl': 'https://nrs.harvard.edu/urn-3:HUAM:LEG264663', 'width': 1024, 'publiccaption': 'obverse', 'idsid': 434667817, 'displayorder': 3, 'format': 'image/jpeg', 'copyright': 'President and Fellows of Harvard College', 'imageid': 479361, 'renditionnumber': 'LEG264663'}, {'height': 682, 'iiifbaseuri': 'https://ids.lib.harvard.edu/ids/iiif/434667821', 'baseimageurl': 'https://nrs.harvard.edu/urn-3:HUAM:LEG264664', 'width': 1024, 'publiccaption': 'reverse', 'idsid': 434667821, 'displayorder': 4, 'format': 'image/jpeg', 'copyright': 'President and Fellows of Harvard College', 'imageid': 479362, 'renditionnumber': 'LEG264664'}]",,2020-02-26T05:39:56-0500,0,0,silver,195435,1972.244,"[{'alphasort': 'Plaetorius Cestianus, L.', 'birthplace': None, 'name': 'L. Plaetorius Cestianus', 'prefix': 'Issued by', 'personid': 52619, 'gender': 'unknown', 'role': 'Coin Constituent', 'displayorder': 1, 'culture': 'Roman', 'displaydate': None, 'deathplace': None, 'displayname': 'Issued by L. Plaetorius Cestianus'}, {'alphasort': 'Junius Brutus, L.', 'birthplace': None, 'name': 'L. Junius Brutus', 'prefix': None, 'personid': 53987, 'gender': 'unknown', 'role': 'Coin Constituent', 'displayorder': 2, 'culture': 'Roman', 'displaydate': None, 'deathplace': None, 'displayname': 'L. Junius Brutus'}]",2,Roman Republican period,627.0,https://nrs.harvard.edu/urn-3:HUAM:767239,"Naville XVII, 3 October 1934, lot 1113",3,6,0,"[{'id': 'https://iiif.harvardartmuseums.org/manifests/object/195435', 'type': 'IIIF Manifest', 'format': 'application/json', 'profile': 'http://iiif.io/api/presentation/2/context.json'}]",,RRC 508/3; Syd 1301,,,Struck,7320.0,"Denarius of L. Plaetorius Cestianus for Brutus, Moving Mint",1,783,625,https://www.harvardartmuseums.org/collections/object/195435,3,Good. Object is well described and information is vetted,"[{'worktypeid': '100', 'worktype': 'coin'}]"
6,Purchase,1995,1,15th century,Manuscripts,185,0,,,am_asianmediterranean@harvard.edu,0,,"Harvard Art Museums/Arthur M. Sackler Museum, Gift in gratitude to John Coolidge, Gift of Leslie Cheek, Jr., Anonymous Fund in memory of Henry Berg, Louise Haskell Daly, Alpheus Hyatt, Richard Norton Memorial Funds and through the generosity of Albert H. Gordon and Emily Rauh Pulitzer; formerly in the collection of Stuart Cary Welch, Jr.",Indian,1495,c. 1500,1505,2010-02-03,2020-02-15,Department of Islamic & Later Indian Art,,,8.8 x 17.5 cm (3 7/16 x 6 7/8 in.),Asian and Mediterranean Art,,8,1,311092,1,0,"[{'height': 1103, 'iiifbaseuri': 'https://ids.lib.harvard.edu/ids/iiif/43534076', 'baseimageurl': 'https://nrs.harvard.edu/urn-3:HUAM:ISL10067_dynmc', 'width': 2037, 'publiccaption': None, 'idsid': 43534076, 'displayorder': 1, 'format': 'image/jpeg', 'copyright': 'President and Fellows of Harvard College', 'imageid': 75069, 'renditionnumber': 'ISL10067'}]",,2020-02-26T05:43:50-0500,0,0,Opaque watercolor on paper,311092,1995.64,"[{'alphasort': 'Unknown Artist', 'birthplace': None, 'name': 'Unknown Artist', 'prefix': None, 'personid': 23184, 'gender': 'unknown', 'role': 'Artist', 'displayorder': 1, 'culture': None, 'displaydate': None, 'deathplace': None, 'displayname': 'Unknown Artist'}]",1,,,https://nrs.harvard.edu/urn-3:HUAM:ISL10067_dynmc,,2,7,0,"[{'id': 'https://iiif.harvardartmuseums.org/manifests/object/311092', 'type': 'IIIF Manifest', 'format': 'application/json', 'profile': 'http://iiif.io/api/presentation/2/context.json'}]",,,,,,,"The Goddess Durga Battles Demons, folio from a manuscript of the Durgasaptashati (Seven Hundred Couplets in Praise of Durga)",2,686,589,https://www.harvardartmuseums.org/collections/object/311092,3,Good. Object is well described and information is vetted,"[{'worktypeid': '210', 'worktype': 'manuscript folio'}]"
7,Purchase,1994,1,20th century,Photographs,17,0,,,am_moderncontemporary@harvard.edu,0,,"Harvard Art Museums/Fogg Museum, Purchase through the generosity of  Sylvan Barnet and William Burto in honor of John Rosenfield",Japanese,1993,1993,1993,2009-05-27,2020-02-15,Department of Photographs,,,image: 42.3 x 54 cm (16 5/8 x 21 1/4 in.),Modern and Contemporary Art,,3,1,95201,1,0,"[{'height': 799, 'iiifbaseuri': 'https://ids.lib.harvard.edu/ids/iiif/43155438', 'baseimageurl': 'https://nrs.harvard.edu/urn-3:HUAM:LEG1070_dynmc', 'width': 1024, 'publiccaption': None, 'idsid': 43155438, 'displayorder': 1, 'format': 'image/jpeg', 'copyright': 'President and Fellows of Harvard College', 'imageid': 94507, 'renditionnumber': 'LEG1070'}]",,2020-02-26T05:37:18-0500,1,0,,95201,P1994.7,"[{'alphasort': 'Sugimoto, Hiroshi', 'birthplace': 'Tokyo, Japan', 'name': 'Hiroshi Sugimoto', 'prefix': None, 'personid': 35155, 'gender': 'male', 'role': 'Artist', 'displayorder': 1, 'culture': 'Japanese', 'displaydate': 'born 1948', 'deathplace': None, 'displayname': 'Hiroshi Sugimoto'}]",1,,,https://nrs.harvard.edu/urn-3:HUAM:LEG1070_dynmc,"Sonnabend Gallery, New York, NY, from the artist, sold to Harvard University Art Museums, 1994. Sold through funds donated by (see credit)
Hiroshi Sugimoto, through the Sonnabend Gallery, New York.
",2,8,0,"[{'id': 'https://iiif.harvardartmuseums.org/manifests/object/95201', 'type': 'IIIF Manifest', 'format': 'application/json', 'profile': 'http://iiif.io/api/presentation/2/context.json'}]","Hiroshi Sugimoto, 1993",,,,Gelatin silver print,123.0,"Metropolitan Orpheum, Los Angeles",1,730,618,https://www.harvardartmuseums.org/collections/object/95201,3,Good. Object is well described and information is vetted,"[{'worktypeid': '259', 'worktype': 'photograph'}]"
8,Purchase,1997,1,20th century,Photographs,17,0,,,am_moderncontemporary@harvard.edu,0,,"Harvard Art Museums/Fogg Museum, Davis Pratt Fund; Richard and Ronay Menschel Fund for the Acquisition of Photographs",American,1993,1993,1993,2009-08-14,2020-02-15,Department of Photographs,,,sight: 93.2 x 75.8 cm (36 11/16 x 29 13/16 in.),Modern and Contemporary Art,,1,1,212300,1,1,"[{'height': 2550, 'iiifbaseuri': 'https://ids.lib.harvard.edu/ids/iiif/43182128', 'baseimageurl': 'https://nrs.harvard.edu/urn-3:HUAM:30256_dynmc', 'width': 2122, 'publiccaption': None, 'idsid': 43182128, 'displayorder': 1, 'format': 'image/jpeg', 'copyright': 'President and Fellows of Harvard College', 'imageid': 126792, 'renditionnumber': '30256'}]",,2020-02-26T05:40:32-0500,0,0,,212300,P1997.5.2,"[{'alphasort': 'Schneider, Gary', 'birthplace': 'East London, South Africa', 'name': 'Gary Schneider', 'prefix': None, 'personid': 18077, 'gender': 'male', 'role': 'Artist', 'displayorder': 1, 'culture': 'American', 'displaydate': 'born 1954', 'deathplace': None, 'displayname': 'Gary Schneider'}]",1,,,https://nrs.harvard.edu/urn-3:HUAM:30256_dynmc,"Howard Yezerski Gallery, Boston, Massachusetts, from the artist, sold to the Harvard University Art Museums, 1997.
",1,9,0,"[{'id': 'https://iiif.harvardartmuseums.org/manifests/object/212300', 'type': 'IIIF Manifest', 'format': 'application/json', 'profile': 'http://iiif.io/api/presentation/2/context.json'}]",,,,,Gelatin silver print,123.0,Meditations (panel 2),1,748,608,https://www.harvardartmuseums.org/collections/object/212300,3,Good. Object is well described and information is vetted,"[{'worktypeid': '259', 'worktype': 'photograph'}]"
9,Bequest,1943,1,19th century,Paintings,26,9,"[{'percent': 0.36908554572271, 'spectrum': '#4ab851', 'color': '#4b4b32', 'css3': '#556b2f', 'hue': 'Green'}, {'percent': 0.26873156342183, 'spectrum': '#3db657', 'color': '#323219', 'css3': '#2f4f4f', 'hue': 'Brown'}, {'percent': 0.15315634218289, 'spectrum': '#7fc241', 'color': '#967d4b', 'css3': '#a0522d', 'hue': 'Brown'}, {'percent': 0.14047197640118, 'spectrum': '#b25593', 'color': '#7d644b', 'css3': '#696969', 'hue': 'Yellow'}, {'percent': 0.035339233038348, 'spectrum': '#1eb264', 'color': '#191919', 'css3': '#000000', 'hue': 'Grey'}, {'percent': 0.029380530973451, 'spectrum': '#e9715f', 'color': '#af9664', 'css3': '#bdb76b', 'hue': 'Yellow'}, {'percent': 0.0019469026548673, 'spectrum': '#b55592', 'color': '#c8c8af', 'css3': '#c0c0c0', 'hue': 'Green'}, {'percent': 0.0015339233038348, 'spectrum': '#e66c64', 'color': '#c8af96', 'css3': '#d2b48c', 'hue': 'Brown'}, {'percent': 0.00035398230088496, 'spectrum': '#e9715f', 'color': '#e1e1c8', 'css3': '#dcdcdc', 'hue': 'Green'}]",,am_europeanamerican@harvard.edu,0,,"Harvard Art Museums/Fogg Museum, Bequest of Grenville L. Winthrop",American,1877,c. 1882,1887,2009-06-23,2020-02-15,"Department of American Paintings, Sculpture & Decorative Arts","The Harvard Art Museum owns a number of drawings by Sargent relating to this theme, including 1937.8.2, 1937.8.12 (pen and wash sketches of dancer with seated figures), and 1937.8.22, a version of the figure at the left of this composition.  The finished painting is at the Isabella Stewart Gardner Museum, Boston.",,"61.3 x 81.1 cm (24 1/8 x 31 15/16 in.)
framed: 77.5 x 97.2 x 7.6 cm (30 1/2 x 38 1/4 x 3 in.)",European and American Art,,2,2,230328,1,0,"[{'height': 1929, 'iiifbaseuri': 'https://ids.lib.harvard.edu/ids/iiif/17389004', 'baseimageurl': 'https://nrs.harvard.edu/urn-3:HUAM:61349_dynmc', 'width': 2550, 'publiccaption': None, 'idsid': 17389004, 'displayorder': 1, 'format': 'image/jpeg', 'copyright': 'President and Fellows of Harvard College', 'imageid': 18663, 'renditionnumber': '61349'}]",,2020-02-26T05:41:11-0500,0,0,Oil on canvas,230328,1943.153,"[{'alphasort': 'Sargent, John Singer', 'birthplace': 'Florence, Italy', 'name': 'John Singer Sargent', 'prefix': None, 'personid': 28495, 'gender': 'male', 'role': 'Artist', 'displayorder': 1, 'culture': 'American', 'displaydate': '1856 - 1925', 'deathplace': 'London, England', 'displayname': 'John Singer Sargent'}]",1,,,https://nrs.harvard.edu/urn-3:HUAM:61349_dynmc,"Gift of the artist to Jules François Gabriel Renaudot, Paris; to his wife, Mme. Renaudot (at his death?); her sale, Christie's, London, June 24, 1927, lot 83; purchased by Leslie Milne or Mulne, London; sold at Christie's London, June 27, 1931, lot 93; Gooden and Fox, London; Scott and Fowles, New York; purchased by Grenville L. Winthrop, New York, 1932 [Winthrop paid $3000]; his bequest to the Fogg Art Museum, 1943.
",10,10,0,"[{'id': 'https://iiif.harvardartmuseums.org/manifests/object/230328', 'type': 'IIIF Manifest', 'format': 'application/json', 'profile': 'http://iiif.io/api/presentation/2/context.json'}]",,,,,,,"Study for Seated Musicians for ""El Jaleo""",1,985,831,https://www.harvardartmuseums.org/collections/object/230328,4,"Best. Object is extensively researched, well described and information is vetted","[{'worktypeid': '242', 'worktype': 'painting'}]"
