,accessionmethod,accessionyear,accesslevel,century,classification,classificationid,colorcount,colors,commentary,contact,contextualtextcount,copyright,creditline,culture,datebegin,dated,dateend,dateoffirstpageview,dateoflastpageview,department,description,details,dimensions,division,edition,exhibitioncount,groupcount,id,imagecount,imagepermissionlevel,images,labeltext,lastupdate,markscount,mediacount,medium,objectid,objectnumber,people,peoplecount,period,periodid,primaryimageurl,provenance,publicationcount,rank,relatedcount,seeAlso,signed,standardreferencenumber,state,style,technique,techniqueid,title,titlescount,totalpageviews,totaluniquepageviews,url,verificationlevel,verificationleveldescription,worktypes
0,Purchase,2006,1,21st century,Sculpture,30,10,"[{'percent': 0.6803003003003, 'spectrum': '#d75776', 'color': '#961919', 'css3': '#a52a2a', 'hue': 'Orange'}, {'percent': 0.13597597597598, 'spectrum': '#955ba5', 'color': '#e1e1e1', 'css3': '#dcdcdc', 'hue': 'Grey'}, {'percent': 0.042522522522523, 'spectrum': '#955ba5', 'color': '#fafafa', 'css3': '#fffafa', 'hue': 'White'}, {'percent': 0.036336336336336, 'spectrum': '#d75776', 'color': '#af4b4b', 'css3': '#a0522d', 'hue': 'Red'}, {'percent': 0.027927927927928, 'spectrum': '#8c5fa8', 'color': '#afafaf', 'css3': '#a9a9a9', 'hue': 'Grey'}, {'percent': 0.023303303303303, 'spectrum': '#e0626d', 'color': '#c86464', 'css3': '#cd5c5c', 'hue': 'Red'}, {'percent': 0.015495495495495, 'spectrum': '#ae5596', 'color': '#af9696', 'css3': '#bc8f8f', 'hue': 'Brown'}, {'percent': 0.014954954954955, 'spectrum': '#8c5fa8', 'color': '#c8c8c8', 'css3': '#c0c0c0', 'hue': 'Grey'}, {'percent': 0.01015015015015, 'spectrum': '#cb5781', 'color': '#c87d7d', 'css3': '#bc8f8f', 'hue': 'Red'}, {'percent': 0.0052252252252252, 'spectrum': '#955ba5', 'color': '#967d7d', 'css3': '#808080', 'hue': 'Brown'}]",,am_moderncontemporary@harvard.edu,0,"© Rosemarie Trockel / Artists Rights Society (ARS), New York","Harvard Art Museums/Busch-Reisinger Museum, Purchase through the generosity of Wilhelm Winterstein",German,2006,2006,2006,2009-05-12,2020-01-27,Busch-Reisinger Museum,"Ceramic made from a mould formed from rare meat. Intense, unevenly applied, red glaze maintains the strong allusion to blood and flesh. The organic forms are structured by the rectilinear ""grid"" of a central spine and ""ribs"", the slats and wooden structure of the eponymous ""Shutter.""

",,sight: 80.1 x 61.7 x 4.9 cm,Modern and Contemporary Art,,3,1,317862,1,0,"[{'height': 2550, 'iiifbaseuri': 'https://ids.lib.harvard.edu/ids/iiif/20380075', 'baseimageurl': 'https://nrs.harvard.edu/urn-3:HUAM:DDC104121_dynmc', 'width': 1902, 'publiccaption': None, 'idsid': 20380075, 'displayorder': 1, 'format': 'image/jpeg', 'copyright': 'President and Fellows of Harvard College', 'imageid': 269377, 'renditionnumber': 'DDC104121'}]","In the German art scene of the 1980s, dominated by male painters, Cologne-based artist Rosemarie Trockel emerged as an oppositional figure. As she did then, she continues to address the body, sexuality, and violence. In Shutter (c), ragged edges and blood-red glaze allude to the object used to cast the piece: a slab of raw meat. The linear indentations, suggestive of a shutter, also evoke ribs and a spine. The work recalls traditional painting subjects, such as Dutch genre scenes of butchers’ stalls, while the shutter structure’s similarity to bones suggests the history of casting sculpture from the human body. Like her best-known work — large-scale machine-knitted panels — this sculpture combines high art traditions with craft materials. Trockel reinterprets the neatly ordered grid of modernist painting, importing its refined form into ceramics, usually a medium of craft. The grid appears as a futile attempt to tame the unrelenting materiality of the sculpture, rooted in bodily forms and tinged with the suggestion of violence.",2020-02-12T06:19:26-0500,1,0,Stoneware with red glaze,317862,2006.236,"[{'alphasort': 'Trockel, Rosemarie', 'birthplace': 'Schwerte, Germany', 'name': 'Rosemarie Trockel', 'prefix': None, 'personid': 29090, 'gender': 'female', 'role': 'Artist', 'displayorder': 1, 'culture': 'German', 'displaydate': 'born 1952', 'deathplace': None, 'displayname': 'Rosemarie Trockel'}]",1,,,https://nrs.harvard.edu/urn-3:HUAM:DDC104121_dynmc,"Barbara Gladstone Gallery, representing the artist, 2006.
",1,1,0,"[{'id': 'https://iiif.harvardartmuseums.org/manifests/object/317862', 'type': 'IIIF Manifest', 'format': 'application/json', 'profile': 'http://iiif.io/api/presentation/2/context.json'}]",,,,,Relief,157.0,Shutter (c),1,1481,1030,https://www.harvardartmuseums.org/collections/object/317862,3,Good. Object is well described and information is vetted,"[{'worktypeid': '317', 'worktype': 'sculpture'}]"
1,Bequest,1943,1,19th century,Drawings,21,0,,,am_europeanamerican@harvard.edu,0,,"Harvard Art Museums/Fogg Museum, Bequest of Grenville L. Winthrop",American,1880,1880,1880,2009-07-27,2020-01-28,Department of Drawings,,,19.2 x 28.5 cm (7 9/16 x 11 1/4 in.),European and American Art,,3,2,308072,2,0,"[{'height': 1732, 'iiifbaseuri': 'https://ids.lib.harvard.edu/ids/iiif/17358224', 'baseimageurl': 'https://nrs.harvard.edu/urn-3:HUAM:50879_dynmc', 'width': 2550, 'publiccaption': None, 'idsid': 17358224, 'displayorder': 1, 'format': 'image/jpeg', 'copyright': 'President and Fellows of Harvard College', 'imageid': 16686, 'renditionnumber': '50879'}, {'height': 709, 'iiifbaseuri': 'https://ids.lib.harvard.edu/ids/iiif/43183018', 'baseimageurl': 'https://nrs.harvard.edu/urn-3:HUAM:47982_dynmc', 'width': 1024, 'publiccaption': None, 'idsid': 43183018, 'displayorder': 2, 'format': 'image/jpeg', 'copyright': 'President and Fellows of Harvard College', 'imageid': 18419, 'renditionnumber': '47982'}]",,2020-02-12T06:19:04-0500,1,0,Pastel on brown wove paper,308072,1943.617,"[{'alphasort': 'Whistler, James Abbott McNeill', 'birthplace': 'Lowell, MA', 'name': 'James Abbott McNeill Whistler', 'prefix': None, 'personid': 29383, 'gender': 'male', 'role': 'Artist', 'displayorder': 1, 'culture': 'American', 'displaydate': '1834 - 1903', 'deathplace': 'London, England', 'displayname': 'James Abbott McNeill Whistler'}]",1,,,https://nrs.harvard.edu/urn-3:HUAM:50879_dynmc,"Mme. Blanche Marchesi; J.P. Heseltine; his sale to Colnaghi, London, July 16, 1926; Alphonse Kann; his sale to Grenville L. Winthrop through Martin Birnbaum, December 1, 1927; his bequest to the Fogg Art Museum, 1943.",18,2,0,"[{'id': 'https://iiif.harvardartmuseums.org/manifests/object/308072', 'type': 'IIIF Manifest', 'format': 'application/json', 'profile': 'http://iiif.io/api/presentation/2/context.json'}]","black crayon and orange pastel, l.r.: butterfly monogram",,,,,,Sunset; Red and Gold--The Gondolier,2,893,765,https://www.harvardartmuseums.org/collections/object/308072,4,"Best. Object is extensively researched, well described and information is vetted","[{'worktypeid': '125', 'worktype': 'drawing'}]"
2,Purchase,2000,1,17th century,Prints,23,9,"[{'percent': 0.37297491039427, 'spectrum': '#2eb45d', 'color': '#323232', 'css3': '#2f4f4f', 'hue': 'Grey'}, {'percent': 0.16179211469534, 'spectrum': '#4ab851', 'color': '#4b4b32', 'css3': '#556b2f', 'hue': 'Green'}, {'percent': 0.14243727598566, 'spectrum': '#1eb264', 'color': '#191919', 'css3': '#000000', 'hue': 'Grey'}, {'percent': 0.12465949820789, 'spectrum': '#8362aa', 'color': '#644b4b', 'css3': '#696969', 'hue': 'Brown'}, {'percent': 0.061146953405018, 'spectrum': '#6cbd45', 'color': '#7d7d64', 'css3': '#808080', 'hue': 'Yellow'}, {'percent': 0.05010752688172, 'spectrum': '#8e5ea7', 'color': '#afaf96', 'css3': '#a9a9a9', 'hue': 'Green'}, {'percent': 0.039641577060932, 'spectrum': '#c15689', 'color': '#e1c8c8', 'css3': '#d8bfd8', 'hue': 'Orange'}, {'percent': 0.032401433691756, 'spectrum': '#8e5ea7', 'color': '#96967d', 'css3': '#808080', 'hue': 'Green'}, {'percent': 0.014838709677419, 'spectrum': '#b55592', 'color': '#c8c8af', 'css3': '#c0c0c0', 'hue': 'Green'}]",,am_europeanamerican@harvard.edu,0,,"Harvard Art Museums/Fogg Museum, Light-Outerbridge Collection, Acquisition Fund for Prints",Dutch,0,17th century,0,2009-06-15,2020-01-30,Department of Prints,,,plate: 13.11 x 20.11 cm (5 3/16 x 7 15/16 in.),European and American Art,,1,1,237224,1,0,"[{'height': 1595, 'iiifbaseuri': 'https://ids.lib.harvard.edu/ids/iiif/20457028', 'baseimageurl': 'https://nrs.harvard.edu/urn-3:HUAM:INV192210_dynmc', 'width': 2550, 'publiccaption': None, 'idsid': 20457028, 'displayorder': 1, 'format': 'image/jpeg', 'copyright': 'President and Fellows of Harvard College', 'imageid': 308613, 'renditionnumber': 'INV192210'}]",,2020-02-12T06:16:48-0500,0,0,,237224,M24652,"[{'alphasort': 'Roghman, Roelant', 'birthplace': 'Amsterdam, Netherlands', 'name': 'Roelant Roghman', 'prefix': None, 'personid': 28341, 'gender': 'unknown', 'role': 'Artist', 'displayorder': 1, 'culture': 'Dutch', 'displaydate': '1627 - 1692', 'deathplace': 'Amsterdam, Netherlands', 'displayname': 'Roelant Roghman'}]",1,,,https://nrs.harvard.edu/urn-3:HUAM:INV192210_dynmc,,0,3,0,"[{'id': 'https://iiif.harvardartmuseums.org/manifests/object/237224', 'type': 'IIIF Manifest', 'format': 'application/json', 'profile': 'http://iiif.io/api/presentation/2/context.json'}]",,H. 14,,,Etching,116.0,In the Seunig Wood,3,493,425,https://www.harvardartmuseums.org/collections/object/237224,3,Good. Object is well described and information is vetted,"[{'worktypeid': '278', 'worktype': 'print'}]"
3,Purchase,2007,1,16th century,Prints,23,8,"[{'percent': 0.32007662835249, 'spectrum': '#8761aa', 'color': '#969696', 'css3': '#a9a9a9', 'hue': 'Grey'}, {'percent': 0.26865900383142, 'spectrum': '#8362aa', 'color': '#7d7d7d', 'css3': '#808080', 'hue': 'Grey'}, {'percent': 0.2255938697318, 'spectrum': '#8e5ea7', 'color': '#afaf96', 'css3': '#a9a9a9', 'hue': 'Green'}, {'percent': 0.12582375478927, 'spectrum': '#7866ad', 'color': '#646464', 'css3': '#696969', 'hue': 'Grey'}, {'percent': 0.037318007662835, 'spectrum': '#b55592', 'color': '#c8c8af', 'css3': '#c0c0c0', 'hue': 'Green'}, {'percent': 0.014789272030651, 'spectrum': '#c15689', 'color': '#e1c8c8', 'css3': '#d8bfd8', 'hue': 'Orange'}, {'percent': 0.0039080459770115, 'spectrum': '#c85783', 'color': '#af7d64', 'css3': '#cd5c5c', 'hue': 'Brown'}, {'percent': 0.0038314176245211, 'spectrum': '#3db657', 'color': '#4b4b4b', 'css3': '#2f4f4f', 'hue': 'Grey'}]","This engraving is the earliest known example of an incised copper plate being printed à la poupée. (Ad Stijnman, a scientist at the Nederlands Instituut Collectie, identified the inks as characteristic of the early modern period, although he can't say with certainty when the engraving was printed. The paper is also typical of the sixteenth century.) The technique of printing in color à la poupée was perfected in the second half of the seventeenth century by the Netherlandish artist, Johannes Teyler, and examples of his color printing remain quite rare (although the Fogg has two in its collection). For this engraving, the printer inked in red the lines comprising the figures of the Virgin and Child, and then inked in blue the background architecture and the Dominican saints who surround her, thereby making mother and child the most emphatic elements of the composition. Such a print most likely had a domestic devotional function. Veneziano, the engraver of the composition, was an active member of Marcantonio Raimondi's print workshop which produced reproductive engravings, many after drawings and paintings by Raphael. This unusual printing technique may have been an experiment in the production of a print that was intended to resemble a colored drawing.",am_europeanamerican@harvard.edu,0,,"Harvard Art Museums/Fogg Museum, Acquisition Fund for Prints",Italian,1511,c. 1516 - 1540s,1521,2009-06-07,2020-01-30,Department of Prints,,,sheet: 39.8 x 22.9 cm (15 11/16 x 9 in.),European and American Art,,1,2,318197,2,0,"[{'height': 2550, 'iiifbaseuri': 'https://ids.lib.harvard.edu/ids/iiif/20029114', 'baseimageurl': 'https://nrs.harvard.edu/urn-3:HUAM:DDC103408_dynmc', 'width': 1494, 'publiccaption': None, 'idsid': 20029114, 'displayorder': 1, 'format': 'image/jpeg', 'copyright': 'President and Fellows of Harvard College', 'imageid': 257837, 'renditionnumber': 'DDC103408'}, {'height': 1024, 'iiifbaseuri': 'https://ids.lib.harvard.edu/ids/iiif/20309623', 'baseimageurl': 'https://nrs.harvard.edu/urn-3:HUAM:INV147183_dynmc', 'width': 604, 'publiccaption': None, 'idsid': 20309623, 'displayorder': 2, 'format': 'image/jpeg', 'copyright': 'President and Fellows of Harvard College', 'imageid': 247655, 'renditionnumber': 'INV147183'}]",,2020-02-12T06:19:27-0500,1,0,"Engraving, printed à la poupée in red and black ink",318197,2007.32,"[{'alphasort': 'Veneziano, Agostino', 'birthplace': 'Venice', 'name': 'Agostino Veneziano', 'prefix': None, 'personid': 30670, 'gender': 'male', 'role': 'Artist', 'displayorder': 1, 'culture': 'Italian', 'displaydate': 'c. 1490 - after 1536', 'deathplace': 'Rome', 'displayname': 'Agostino Veneziano'}]",1,,,https://nrs.harvard.edu/urn-3:HUAM:DDC103408_dynmc,,2,4,0,"[{'id': 'https://iiif.harvardartmuseums.org/manifests/object/318197', 'type': 'IIIF Manifest', 'format': 'application/json', 'profile': 'http://iiif.io/api/presentation/2/context.json'}]",,"B. 112 (OB 14, Ramondi)",ii,,Engraving,98.0,Madonna Adored by Saints of the Dominican Order,1,683,574,https://www.harvardartmuseums.org/collections/object/318197,3,Good. Object is well described and information is vetted,"[{'worktypeid': '278', 'worktype': 'print'}]"
4,Purchase,2005,1,17th century,Vessels,57,8,"[{'percent': 0.22886904761905, 'spectrum': '#8c5fa8', 'color': '#c8c8c8', 'css3': '#c0c0c0', 'hue': 'Grey'}, {'percent': 0.22636904761905, 'spectrum': '#8c5fa8', 'color': '#afafaf', 'css3': '#a9a9a9', 'hue': 'Grey'}, {'percent': 0.20267857142857, 'spectrum': '#8761aa', 'color': '#969696', 'css3': '#a9a9a9', 'hue': 'Grey'}, {'percent': 0.19845238095238, 'spectrum': '#955ba5', 'color': '#e1e1e1', 'css3': '#dcdcdc', 'hue': 'Grey'}, {'percent': 0.073690476190476, 'spectrum': '#4072b8', 'color': '#324b7d', 'css3': '#483d8b', 'hue': 'Blue'}, {'percent': 0.036190476190476, 'spectrum': '#536fb5', 'color': '#4b6496', 'css3': '#483d8b', 'hue': 'Blue'}, {'percent': 0.023452380952381, 'spectrum': '#656cb2', 'color': '#647d96', 'css3': '#708090', 'hue': 'Blue'}, {'percent': 0.010297619047619, 'spectrum': '#8362aa', 'color': '#7d7d7d', 'css3': '#808080', 'hue': 'Grey'}]",,am_asianmediterranean@harvard.edu,0,,"Harvard Art Museums/Arthur M. Sackler Museum, Gweneth Knight Memorial Fund",Persian,1615,c. 1620,1625,2009-05-12,2020-01-30,Department of Islamic & Later Indian Art,"This is a large dish with upturned rim, fluted cavetto, and low, hollow foot ring. The center is painted in under-glaze cobalt blue with a design of four cranes amid clouds. There are three shades of blue, with the darkest used for outlines and stippling. The exterior or underside is sparely decorated with a peach spray. In the center of the foot ring is a faint  ""tassel mark.""",,7.5 x 41.7 cm (2 15/16 x 16 7/16 in.),Asian and Mediterranean Art,,2,2,27601,1,0,"[{'height': 2550, 'iiifbaseuri': 'https://ids.lib.harvard.edu/ids/iiif/18204668', 'baseimageurl': 'https://nrs.harvard.edu/urn-3:HUAM:78455_dynmc', 'width': 1913, 'publiccaption': None, 'idsid': 18204668, 'displayorder': 1, 'format': 'image/jpeg', 'copyright': 'President and Fellows of Harvard College', 'imageid': 134862, 'renditionnumber': '78455'}]","The works in this case were produced during the reigns of two dynasties that forged empires in the Iranian region: the Timurids (1370–1506) and the Safavids (1501–1722). The Central Asian warlord Timur concentrated in his capital city of Samarkand artists gathered from a vast empire stretching from Syria to India. Timur’s descendants ruled over a greatly reduced realm—parts of Iran and Afghanistan—but gained renown as patrons of the arts. The Timurid system of organizing artists into workshops in which designs were developed for the book arts and for dissemination into other media was emulated by later dynasties, notably the Safavids and Ottomans. Arising in northwestern Iran, the Safavids united all of greater Iran under their rule and established Shiʿi Islam as the state religion, as distinct from the Sunni branch practiced in the surrounding states.
Cultural exchange and industrial competition increased in these centuries, both across and beyond Islamic lands. Responding to the courts’ avid consumption of Chinese blue-and-white wares, Persian potters appropriated Chinese shapes, compositions, and motifs in their own works. In contrast, the colorful dish with scale patterns probably reflects the highly successful products of the Ottoman kilns to the west, in Iznik.",2020-02-12T06:11:23-0500,0,0,Fritware with molded decoration and underglaze painting in cobalt blue,27601,2005.83,,0,Safavid period,2363.0,https://nrs.harvard.edu/urn-3:HUAM:78455_dynmc,"Private collection, London. [Irene Momtaz, Momtaz Islamic Art, London, 2005], sold; to Harvard University Art Museums, 2005.",3,5,0,"[{'id': 'https://iiif.harvardartmuseums.org/manifests/object/27601', 'type': 'IIIF Manifest', 'format': 'application/json', 'profile': 'http://iiif.io/api/presentation/2/context.json'}]",,,,,"Underglazed, painted",803.0,Large Dish with Flying Cranes,1,858,706,https://www.harvardartmuseums.org/collections/object/27601,3,Good. Object is well described and information is vetted,"[{'worktypeid': '389', 'worktype': 'vessel'}]"
5,Bequest,1985,1,13th century,Prints,23,10,"[{'percent': 0.28490358126722, 'spectrum': '#e9715f', 'color': '#e1e1c8', 'css3': '#dcdcdc', 'hue': 'Green'}, {'percent': 0.26683195592287, 'spectrum': '#e76d63', 'color': '#fae1e1', 'css3': '#ffe4e1', 'hue': 'Red'}, {'percent': 0.2168044077135, 'spectrum': '#2eb45d', 'color': '#323232', 'css3': '#2f4f4f', 'hue': 'Grey'}, {'percent': 0.12683195592287, 'spectrum': '#b55592', 'color': '#c8c8af', 'css3': '#c0c0c0', 'hue': 'Green'}, {'percent': 0.054545454545455, 'spectrum': '#8e5ea7', 'color': '#afaf96', 'css3': '#a9a9a9', 'hue': 'Green'}, {'percent': 0.023471074380165, 'spectrum': '#1eb264', 'color': '#191919', 'css3': '#000000', 'hue': 'Grey'}, {'percent': 0.013774104683196, 'spectrum': '#8e5ea7', 'color': '#96967d', 'css3': '#808080', 'hue': 'Green'}, {'percent': 0.0056749311294766, 'spectrum': '#3db657', 'color': '#4b4b4b', 'css3': '#2f4f4f', 'hue': 'Grey'}, {'percent': 0.0039118457300275, 'spectrum': '#6cbd45', 'color': '#7d7d64', 'css3': '#808080', 'hue': 'Yellow'}, {'percent': 0.0032506887052342, 'spectrum': '#59ba4a', 'color': '#64644b', 'css3': '#696969', 'hue': 'Green'}]",,am_asianmediterranean@harvard.edu,0,,"Harvard Art Museums/Arthur M. Sackler Museum, Bequest of the Hofer Collection of the Arts of Asia",Korean,1242,1242,1242,2010-03-18,2020-01-31,Department of Asian Art,,,each page: H. 30.6 x W. 12.4 cm (12 1/16 x 4 7/8 in.),Asian and Mediterranean Art,,0,1,209912,4,0,"[{'height': 2068, 'iiifbaseuri': 'https://ids.lib.harvard.edu/ids/iiif/18724304', 'baseimageurl': 'https://nrs.harvard.edu/urn-3:HUAM:CARP10520_dynmc', 'width': 1675, 'publiccaption': None, 'idsid': 18724304, 'displayorder': 1, 'format': 'image/jpeg', 'copyright': 'President and Fellows of Harvard College', 'imageid': 98038, 'renditionnumber': 'CARP10520'}, {'height': 1024, 'iiifbaseuri': 'https://ids.lib.harvard.edu/ids/iiif/18731250', 'baseimageurl': 'https://nrs.harvard.edu/urn-3:HUAM:CARP03002_dynmc', 'width': 446, 'publiccaption': 'cover', 'idsid': 18731250, 'displayorder': 2, 'format': 'image/jpeg', 'copyright': 'President and Fellows of Harvard College', 'imageid': 94231, 'renditionnumber': 'CARP03002'}, {'height': 1024, 'iiifbaseuri': 'https://ids.lib.harvard.edu/ids/iiif/18731251', 'baseimageurl': 'https://nrs.harvard.edu/urn-3:HUAM:CARP03003_dynmc', 'width': 795, 'publiccaption': None, 'idsid': 18731251, 'displayorder': 3, 'format': 'image/jpeg', 'copyright': 'President and Fellows of Harvard College', 'imageid': 30659, 'renditionnumber': 'CARP03003'}, {'height': 1024, 'iiifbaseuri': 'https://ids.lib.harvard.edu/ids/iiif/18724305', 'baseimageurl': 'https://nrs.harvard.edu/urn-3:HUAM:CARP10521_dynmc', 'width': 414, 'publiccaption': None, 'idsid': 18724305, 'displayorder': 4, 'format': 'image/jpeg', 'copyright': 'President and Fellows of Harvard College', 'imageid': 98039, 'renditionnumber': 'CARP10521'}]",,2020-02-12T06:15:51-0500,0,0,"Accordion-fold, woodblock-printed book; ink on paper",209912,1985.951,,0,"Koryŏ dynasty, 918-1392",532.0,https://nrs.harvard.edu/urn-3:HUAM:CARP10520_dynmc,"Philip Hofer (1898-1984), Cambridge, MA (by 1985), bequest; to Harvard University Art Museums, 1985.",0,6,0,"[{'id': 'https://iiif.harvardartmuseums.org/manifests/object/209912', 'type': 'IIIF Manifest', 'format': 'application/json', 'profile': 'http://iiif.io/api/presentation/2/context.json'}]",,,,,,,"Buddhist Sutra: Posal Sŏngkye Kyŏng (Chinese, Pusa Shanjie Jing), complete in one volume",2,535,473,https://www.harvardartmuseums.org/collections/object/209912,2,Adequate. Object is adequately described but information may not be vetted,"[{'worktypeid': '2', 'worktype': 'accordion-fold book'}]"
6,Gift,1933,1,18th century,Prints,23,9,"[{'percent': 0.29465277777778, 'spectrum': '#e9715f', 'color': '#e1e1c8', 'css3': '#dcdcdc', 'hue': 'Green'}, {'percent': 0.16520833333333, 'spectrum': '#7866ad', 'color': '#646464', 'css3': '#696969', 'hue': 'Grey'}, {'percent': 0.16, 'spectrum': '#6cbd45', 'color': '#7d7d64', 'css3': '#808080', 'hue': 'Yellow'}, {'percent': 0.15513888888889, 'spectrum': '#e66c64', 'color': '#c8af96', 'css3': '#d2b48c', 'hue': 'Brown'}, {'percent': 0.095555555555556, 'spectrum': '#2eb45d', 'color': '#323232', 'css3': '#2f4f4f', 'hue': 'Grey'}, {'percent': 0.083055555555556, 'spectrum': '#8e5ea7', 'color': '#96967d', 'css3': '#808080', 'hue': 'Green'}, {'percent': 0.033472222222222, 'spectrum': '#3db657', 'color': '#4b4b4b', 'css3': '#2f4f4f', 'hue': 'Grey'}, {'percent': 0.0125, 'spectrum': '#e46867', 'color': '#c8644b', 'css3': '#cd5c5c', 'hue': 'Red'}, {'percent': 0.00041666666666667, 'spectrum': '#d0577c', 'color': '#964b32', 'css3': '#a0522d', 'hue': 'Orange'}]",,am_asianmediterranean@harvard.edu,0,,"Harvard Art Museums/Arthur M. Sackler Museum, Gift of the Friends of Arthur B. Duel",Japanese,1794,"Late Edo period, 1794 (5th month)",1794,2009-08-07,2020-01-31,Department of Asian Art,,,Paper: H. 36.9 cm x W. 23.7 cm (14 1/2 x 9 5/16 in.),Asian and Mediterranean Art,,1,1,207628,1,0,"[{'height': 2550, 'iiifbaseuri': 'https://ids.lib.harvard.edu/ids/iiif/10946047', 'baseimageurl': 'https://nrs.harvard.edu/urn-3:HUAM:DDC106468_dynmc', 'width': 1629, 'publiccaption': None, 'idsid': 10946047, 'displayorder': 1, 'format': 'image/jpeg', 'copyright': 'President and Fellows of Harvard College', 'imageid': 322720, 'renditionnumber': 'DDC106468'}]",,2020-02-12T06:15:46-0500,0,0,"Ukiyo-e woodblock print in ""ōban"" format; ink, color and mica on paper, with printed signature reading ""Tōshūsai Sharaku ga""",207628,1933.4.515,"[{'alphasort': 'Tōshūsai, Sharaku', 'birthplace': None, 'name': 'Tōshūsai Sharaku', 'prefix': None, 'personid': 28644, 'gender': 'male', 'role': 'Artist', 'displayorder': 1, 'culture': 'Japanese', 'displaydate': 'active 1794 - 1795', 'deathplace': None, 'displayname': 'Tōshūsai Sharaku'}]",1,"Edo period, 1615-1868",248.0,https://nrs.harvard.edu/urn-3:HUAM:DDC106468_dynmc,,0,7,0,"[{'id': 'https://iiif.harvardartmuseums.org/manifests/object/207628', 'type': 'IIIF Manifest', 'format': 'application/json', 'profile': 'http://iiif.io/api/presentation/2/context.json'}]",(printed) Tōshūsai Sharaku ga,,,,,,"Actor Segawa Kikunojō 3rd as Oshizu, the Wife of Tanabe Bunzō from the Play ""Hana-Ayame Bunroku Soga"" (Miyako-za)",2,632,548,https://www.harvardartmuseums.org/collections/object/207628,3,Good. Object is well described and information is vetted,"[{'worktypeid': '278', 'worktype': 'print'}]"
7,Bequest,1972,1,3rd century CE,Coins,50,0,,,am_asianmediterranean@harvard.edu,0,,"Harvard Art Museums/Arthur M. Sackler Museum, Bequest of Frederick M. Watkins",Roman,200,200 -201 CE,201,2009-12-02,2020-01-31,Department of Ancient and Byzantine Art & Numismatics,"Obverse: Laureate bust of Septimius Severus, bearded, wearing lion's skin over the shoulder r. 
Rev.: Bust of Julia Domna, draped, r.","{'coins': {'dateonobject': None, 'metal': 'AV', 'reverseinscription': 'IVLIA AVGVSTA', 'dieaxis': '6', 'obverseinscription': 'SEVERVS AVG PART MAX', 'denomination': 'aureus'}}",7.38 g,Asian and Mediterranean Art,,4,1,195903,1,0,"[{'height': 1174, 'iiifbaseuri': 'https://ids.lib.harvard.edu/ids/iiif/20411130', 'baseimageurl': 'https://nrs.harvard.edu/urn-3:HUAM:INV155286_dynmc', 'width': 2550, 'publiccaption': None, 'idsid': 20411130, 'displayorder': 1, 'format': 'image/jpeg', 'copyright': 'President and Fellows of Harvard College', 'imageid': 258566, 'renditionnumber': 'INV155286'}]",,2020-02-12T06:15:21-0500,0,0,Gold,195903,1972.259,"[{'alphasort': 'Septimius Severus', 'birthplace': None, 'name': 'Septimius Severus', 'prefix': None, 'personid': 19709, 'gender': 'male', 'role': 'Coin Constituent', 'displayorder': 1, 'culture': 'Roman', 'displaydate': 'r. 193 - 211 CE', 'deathplace': None, 'displayname': 'Septimius Severus'}, {'alphasort': 'Julia Domna', 'birthplace': None, 'name': 'Julia Domna, wife of Septimius Severus', 'prefix': None, 'personid': 19636, 'gender': 'female', 'role': 'Coin Constituent', 'displayorder': 2, 'culture': 'Roman', 'displaydate': 'r. 193 - 217 CE', 'deathplace': None, 'displayname': 'Julia Domna, wife of Septimius Severus'}]",2,"Roman Imperial period, Middle",632.0,https://nrs.harvard.edu/urn-3:HUAM:INV155286_dynmc,,1,8,0,"[{'id': 'https://iiif.harvardartmuseums.org/manifests/object/195903', 'type': 'IIIF Manifest', 'format': 'application/json', 'profile': 'http://iiif.io/api/presentation/2/context.json'}]",,"BMC V, p. 192, no. 192",,,Struck,7320.0,"Aureus of Septimius Severus, Rome",1,670,577,https://www.harvardartmuseums.org/collections/object/195903,3,Good. Object is well described and information is vetted,"[{'worktypeid': '100', 'worktype': 'coin'}]"
8,Gift,2002,1,20th century,Drawings,21,0,,,am_moderncontemporary@harvard.edu,0,"© Jasper Johns and ULAE/Licensed by VAGA, New York, NY, Published by ULAE","Harvard Art Museums/Fogg Museum, Gift of Sarah-Ann and Werner H. Kramarsky",American,1963,1963-1970,1970,2009-05-16,2020-01-31,Department of Drawings,,,sight: 127 x 87.6 x 10.2 cm (50 x 34 1/2 x 4 in.),Modern and Contemporary Art,,3,1,264861,3,1,"[{'height': 1024, 'iiifbaseuri': 'https://ids.lib.harvard.edu/ids/iiif/17817255', 'baseimageurl': 'https://nrs.harvard.edu/urn-3:HUAM:73666_dynmc', 'width': 641, 'publiccaption': None, 'idsid': 17817255, 'displayorder': 1, 'format': 'image/jpeg', 'copyright': None, 'imageid': 34880, 'renditionnumber': '73666'}, {'height': 1024, 'iiifbaseuri': 'https://ids.lib.harvard.edu/ids/iiif/17817333', 'baseimageurl': 'https://nrs.harvard.edu/urn-3:HUAM:73747_dynmc', 'width': 711, 'publiccaption': None, 'idsid': 17817333, 'displayorder': 2, 'format': 'image/jpeg', 'copyright': None, 'imageid': 22348, 'renditionnumber': '73747'}, {'height': 1024, 'iiifbaseuri': 'https://ids.lib.harvard.edu/ids/iiif/43161976', 'baseimageurl': 'https://nrs.harvard.edu/urn-3:HUAM:LEG41844_dynmc', 'width': 678, 'publiccaption': None, 'idsid': 43161976, 'displayorder': 3, 'format': 'image/jpeg', 'copyright': None, 'imageid': 79240, 'renditionnumber': 'LEG41844'}]",,2020-02-12T06:17:40-0500,0,0,"Charcoal, graphite wash and graphite with polyester resin moulded hand, string, paintbrush and wooden ruler on off-white wove paper",264861,2002.94,"[{'alphasort': 'Johns, Jasper', 'birthplace': 'Augusta, GA', 'name': 'Jasper Johns', 'prefix': None, 'personid': 26759, 'gender': 'male', 'role': 'Artist', 'displayorder': 1, 'culture': 'American', 'displaydate': '1930 -', 'deathplace': None, 'displayname': 'Jasper Johns'}]",1,,,https://nrs.harvard.edu/urn-3:HUAM:73666_dynmc,"[Leo Castelli Gallery, New York, New York]. McCrory Corporation, New York, New York, sold at [Christies, New York, New York], 3 May 1994, lot 58; to Werner H. Kramarsky, New York, New York, gift; to Harvard University Art Museums, 2002.",9,9,0,"[{'id': 'https://iiif.harvardartmuseums.org/manifests/object/264861', 'type': 'IIIF Manifest', 'format': 'application/json', 'profile': 'http://iiif.io/api/presentation/2/context.json'}]","l.r., graphite: J. Johns / 1963",,,,,,Wilderness I,1,777,607,https://www.harvardartmuseums.org/collections/object/264861,4,"Best. Object is extensively researched, well described and information is vetted","[{'worktypeid': '125', 'worktype': 'drawing'}]"
9,Purchase,1982,1,12th-13th century,Manuscripts,185,7,"[{'percent': 0.33419141914191, 'spectrum': '#e9715f', 'color': '#c8af7d', 'css3': '#d2b48c', 'hue': 'Brown'}, {'percent': 0.27320132013201, 'spectrum': '#b65590', 'color': '#967d64', 'css3': '#808080', 'hue': 'Brown'}, {'percent': 0.22138613861386, 'spectrum': '#e9715f', 'color': '#af9664', 'css3': '#bdb76b', 'hue': 'Yellow'}, {'percent': 0.067326732673267, 'spectrum': '#b25593', 'color': '#7d644b', 'css3': '#696969', 'hue': 'Yellow'}, {'percent': 0.042112211221122, 'spectrum': '#e9715f', 'color': '#e1c8af', 'css3': '#f5deb3', 'hue': 'Orange'}, {'percent': 0.031089108910891, 'spectrum': '#4ab851', 'color': '#4b3232', 'css3': '#2f4f4f', 'hue': 'Red'}, {'percent': 0.030693069306931, 'spectrum': '#59ba4a', 'color': '#644b32', 'css3': '#556b2f', 'hue': 'Brown'}]",,am_asianmediterranean@harvard.edu,0,,"Harvard Art Museums/Arthur M. Sackler Museum, Fund for the Acquisition of Islamic Art",Persian,1167,late 12th-early 13th century,1232,2009-05-19,2020-01-31,Department of Islamic & Later Indian Art,,,folio: 31.1 x 21.3 cm (12 1/4 x 8 3/8 in.),Asian and Mediterranean Art,,6,2,201334,2,0,"[{'height': 2550, 'iiifbaseuri': 'https://ids.lib.harvard.edu/ids/iiif/18481768', 'baseimageurl': 'https://nrs.harvard.edu/urn-3:HUAM:72647_dynmc', 'width': 1721, 'publiccaption': 'verso', 'idsid': 18481768, 'displayorder': 1, 'format': 'image/jpeg', 'copyright': 'President and Fellows of Harvard College', 'imageid': 21698, 'renditionnumber': '72647'}, {'height': 1024, 'iiifbaseuri': 'https://ids.lib.harvard.edu/ids/iiif/18481769', 'baseimageurl': 'https://nrs.harvard.edu/urn-3:HUAM:72648_dynmc', 'width': 700, 'publiccaption': 'recto', 'idsid': 18481769, 'displayorder': 2, 'format': 'image/jpeg', 'copyright': 'President and Fellows of Harvard College', 'imageid': 21699, 'renditionnumber': '72648'}]",,2020-02-12T06:15:32-0500,0,0,"Ink, opaque watercolor and gold on paper",201334,1982.40,,0,Seljuk-Atabeg period,6836.0,https://nrs.harvard.edu/urn-3:HUAM:72647_dynmc,"Philip Hofer, Cambridge, MA (by 1982), sold; to [Greater India Company, Inc.], Cambridge, MA, 1982] sold; to the Fogg Art Museum.",6,10,0,"[{'id': 'https://iiif.harvardartmuseums.org/manifests/object/201334', 'type': 'IIIF Manifest', 'format': 'application/json', 'profile': 'http://iiif.io/api/presentation/2/context.json'}]",,,,,,,"Folio from a Qur'an: Sura 4: 160 -161 (recto), Sura 4: 161-162 (verso)",2,797,646,https://www.harvardartmuseums.org/collections/object/201334,3,Good. Object is well described and information is vetted,"[{'worktypeid': '210', 'worktype': 'manuscript folio'}]"
