,accessionyear,technique,mediacount,edition,totalpageviews,groupcount,objectnumber,colorcount,lastupdate,rank,imagecount,description,dateoflastpageview,dateoffirstpageview,primaryimageurl,colors,dated,contextualtextcount,copyright,period,accessionmethod,url,provenance,images,publicationcount,objectid,culture,verificationleveldescription,standardreferencenumber,worktypes,department,state,markscount,contact,titlescount,id,title,verificationlevel,division,style,commentary,relatedcount,datebegin,labeltext,totaluniquepageviews,dimensions,exhibitioncount,techniqueid,dateend,creditline,imagepermissionlevel,signed,periodid,century,classificationid,medium,peoplecount,accesslevel,classification,seeAlso,people
0,1995.0,,0,,527,1,1995.4,10,2020-02-18T05:39:48-0500,1,2,,2020-02-07,2009-06-22,https://nrs.harvard.edu/urn-3:HUAM:CARP05102_dynmc,"[{'percent': 0.2426, 'spectrum': '#955ba5', 'color': '#fafafa', 'css3': '#fffafa', 'hue': 'White'}, {'percent': 0.18366666666667, 'spectrum': '#7069af', 'color': '#7d9696', 'css3': '#778899', 'hue': 'Green'}, {'percent': 0.17126666666667, 'spectrum': '#7b65ad', 'color': '#96afaf', 'css3': '#a9a9a9', 'hue': 'Blue'}, {'percent': 0.1128, 'spectrum': '#955ba5', 'color': '#e1e1e1', 'css3': '#dcdcdc', 'hue': 'Grey'}, {'percent': 0.0926, 'spectrum': '#8761aa', 'color': '#afafc8', 'css3': '#c0c0c0', 'hue': 'Blue'}, {'percent': 0.078266666666667, 'spectrum': '#6c6ab0', 'color': '#647d7d', 'css3': '#708090', 'hue': 'Blue'}, {'percent': 0.050533333333333, 'spectrum': '#7866ad', 'color': '#646464', 'css3': '#696969', 'hue': 'Grey'}, {'percent': 0.026866666666667, 'spectrum': '#3db657', 'color': '#4b4b4b', 'css3': '#2f4f4f', 'hue': 'Grey'}, {'percent': 0.019266666666667, 'spectrum': '#1eb264', 'color': '#191919', 'css3': '#000000', 'hue': 'Grey'}, {'percent': 0.016266666666667, 'spectrum': '#2eb45d', 'color': '#323232', 'css3': '#2f4f4f', 'hue': 'Grey'}]",9th-10th century,0,,Unified Silla to Koryŏ dynasty,Purchase,https://www.harvardartmuseums.org/collections/object/200560,,"[{'height': 1716, 'iiifbaseuri': 'https://ids.lib.harvard.edu/ids/iiif/18732643', 'baseimageurl': 'https://nrs.harvard.edu/urn-3:HUAM:CARP05102_dynmc', 'width': 2550, 'publiccaption': None, 'idsid': 18732643, 'displayorder': 1, 'format': 'image/jpeg', 'copyright': 'President and Fellows of Harvard College', 'imageid': 31539, 'renditionnumber': 'CARP05102'}, {'height': 1696, 'iiifbaseuri': 'https://ids.lib.harvard.edu/ids/iiif/20028126', 'baseimageurl': 'https://nrs.harvard.edu/urn-3:HUAM:CARP03557_dynmc', 'width': 2550, 'publiccaption': None, 'idsid': 20028126, 'displayorder': 2, 'format': 'image/jpeg', 'copyright': 'President and Fellows of Harvard College', 'imageid': 138337, 'renditionnumber': 'CARP03557'}]",1,200560,Korean,Good. Object is well described and information is vetted,,"[{'worktypeid': '389', 'worktype': 'vessel'}]",Department of Asian Art,,0,am_asianmediterranean@harvard.edu,1,200560,Compressed Circular Bottle with Low Ring Foot and Slightly Flaring Lip,3,Asian and Mediterranean Art,,,0,800,,453,H. 8.3 x Diam. 14.3 cm (3 1/4 x 5 5/8 in.),0,,1000,"Harvard Art Museums/Arthur M. Sackler Museum, Ernest B. and Helen Pratt Dane Fund for the Acquisition of Oriental Art",0,,3170.0,9th-10th century,57,"Gray stoneware with incised decoration.  Reportedly recovered in the Taegu area, South Kyŏngsang province.",0,1,Vessels,"[{'id': 'https://iiif.harvardartmuseums.org/manifests/object/200560', 'type': 'IIIF Manifest', 'format': 'application/json', 'profile': 'http://iiif.io/api/presentation/2/context.json'}]",
1,2004.0,Photogravure,0,,560,1,P2003.252,0,2020-02-18T05:36:38-0500,2,1,,2020-02-07,2010-01-25,https://nrs.harvard.edu/urn-3:HUAM:74852_dynmc,,1903,0,"© The Estate of Edward Steichen / Artists Rights Society (ARS), New York",,Gift,https://www.harvardartmuseums.org/collections/object/71128,,"[{'height': 2450, 'iiifbaseuri': 'https://ids.lib.harvard.edu/ids/iiif/17826373', 'baseimageurl': 'https://nrs.harvard.edu/urn-3:HUAM:74852_dynmc', 'width': 1876, 'publiccaption': None, 'idsid': 17826373, 'displayorder': 1, 'format': 'image/jpeg', 'copyright': 'President and Fellows of Harvard College', 'imageid': 85817, 'renditionnumber': '74852'}]",0,71128,American,Good. Object is well described and information is vetted,,"[{'worktypeid': '259', 'worktype': 'photograph'}]",Department of Photographs,,0,am_moderncontemporary@harvard.edu,1,71128,The Pool,3,Modern and Contemporary Art,,,0,1903,,497,"image: 16.5 x 12.8 cm (6 1/2 x 5 1/16 in.)
mount: 38 x 28 cm (14 15/16 x 11 in.)
sheet: 28.7 x 19.6 cm (11 5/16 x 7 11/16 in.)",0,538.0,1903,"Harvard Art Museums/Fogg Museum, Gift of Sam Pratt",0,,,19th century,17,,1,1,Photographs,"[{'id': 'https://iiif.harvardartmuseums.org/manifests/object/71128', 'type': 'IIIF Manifest', 'format': 'application/json', 'profile': 'http://iiif.io/api/presentation/2/context.json'}]","[{'alphasort': 'Steichen, Edward', 'birthplace': 'Luxembourg', 'name': 'Edward Steichen', 'prefix': None, 'personid': 28834, 'gender': 'male', 'role': 'Artist', 'displayorder': 1, 'culture': 'American', 'displaydate': '1879 - 1973', 'deathplace': 'West Redding, Conn., USA', 'displayname': 'Edward Steichen'}]"
2,1991.0,Celadon,0,,591,2,1991.544,0,2020-02-18T05:39:50-0500,3,1,,2020-02-07,2009-08-05,https://nrs.harvard.edu/urn-3:HUAM:46481_dynmc,,first half 12th century,0,,"Koryŏ dynasty, 918-1392",Partial Gift/Partial Purchase,https://www.harvardartmuseums.org/collections/object/201626,"Gregory (1922-1988) and Maria C. Henderson (1923-2007), Medford, MA (by 1969-1988), inherited; by Maria C. Henderson, Medford, MA (1988-1991), partial gift and partial purchase; to Harvard University Art Museums, 1991.","[{'height': 1954, 'iiifbaseuri': 'https://ids.lib.harvard.edu/ids/iiif/43182835', 'baseimageurl': 'https://nrs.harvard.edu/urn-3:HUAM:46481_dynmc', 'width': 2550, 'publiccaption': None, 'idsid': 43182835, 'displayorder': 1, 'format': 'image/jpeg', 'copyright': 'President and Fellows of Harvard College', 'imageid': 17733, 'renditionnumber': '46481'}]",2,201626,Korean,Good. Object is well described and information is vetted,,"[{'worktypeid': '389', 'worktype': 'vessel'}]",Department of Asian Art,,0,am_asianmediterranean@harvard.edu,1,201626,Circular Bowl with Notched Rim and Hibiscus Decor,3,Asian and Mediterranean Art,,,0,1100,,521,H. 7.7 x Diam. 19.2 cm (3 1/16 x 7 9/16 in.),1,328.0,1150,"Harvard Art Museums/Arthur M. Sackler Museum, Partial gift of Maria C. Henderson and partial purchase through the Ernest B. and Helen Pratt Dane Fund for the Acquisition of Oriental Art",0,,532.0,12th century,57,Molded celadon ware: light gray stoneware with celadon glaze over molded decoration,0,1,Vessels,"[{'id': 'https://iiif.harvardartmuseums.org/manifests/object/201626', 'type': 'IIIF Manifest', 'format': 'application/json', 'profile': 'http://iiif.io/api/presentation/2/context.json'}]",
3,2010.0,Photogravure,0,,641,1,2010.538.7,0,2020-02-18T05:44:07-0500,4,1,,2020-02-07,2012-06-11,https://nrs.harvard.edu/urn-3:HUAM:DDC111080_dynmc,,1897,0,"© Estate of Alfred Stieglitz / Artists Rights Society (ARS), New York",,Purchase,https://www.harvardartmuseums.org/collections/object/336786,"[Lee Gallery, Winchester, Massachusetts] sold; to Harvard Art Museums, 2010.","[{'height': 2550, 'iiifbaseuri': 'https://ids.lib.harvard.edu/ids/iiif/18138025', 'baseimageurl': 'https://nrs.harvard.edu/urn-3:HUAM:DDC111080_dynmc', 'width': 1865, 'publiccaption': None, 'idsid': 18138025, 'displayorder': 1, 'format': 'image/jpeg', 'copyright': 'President and Fellows of Harvard College', 'imageid': 391835, 'renditionnumber': 'DDC111080'}]",0,336786,American,Good. Object is well described and information is vetted,,"[{'worktypeid': '259', 'worktype': 'photograph'}]",Department of Photographs,,1,am_moderncontemporary@harvard.edu,2,336786,The Old Mill,3,Modern and Contemporary Art,,,1,1897,,557,"27.6 x 20 cm (10 7/8 x 7 7/8 in.)
sheet: 50.1 x 40.3 cm (19 3/4 x 15 7/8 in.)",2,538.0,1897,"Harvard Art Museums/Fogg Museum, Richard and Ronay Menschel Fund for the Acquisition of Photographs",0,,,19th century,17,,1,1,Photographs,"[{'id': 'https://iiif.harvardartmuseums.org/manifests/object/336786', 'type': 'IIIF Manifest', 'format': 'application/json', 'profile': 'http://iiif.io/api/presentation/2/context.json'}]","[{'alphasort': 'Stieglitz, Alfred', 'birthplace': 'Hoboken, N.J., USA', 'name': 'Alfred Stieglitz', 'prefix': None, 'personid': 34771, 'gender': 'male', 'role': 'Artist', 'displayorder': 1, 'culture': 'American', 'displaydate': '1864 - 1946', 'deathplace': 'New York, N.Y., USA', 'displayname': 'Alfred Stieglitz'}]"
4,1991.0,,0,,647,2,1991.512,0,2020-02-18T05:39:50-0500,5,2,,2020-02-07,2009-08-05,https://nrs.harvard.edu/urn-3:huam:DDC113947_dynmc,,first half 6th century,0,,"Three Kingdoms period, Silla or Kaya",Purchase,https://www.harvardartmuseums.org/collections/object/201597,"Gregory (1922-1988) and Maria C. Henderson (1923-2007), Medford, MA (by 1969-1988), inherited; by Maria C. Henderson, Medford, MA (1988-1991), partial gift and partial purchase; to Harvard University Art Museums, 1991.","[{'height': 2550, 'iiifbaseuri': 'https://ids.lib.harvard.edu/ids/iiif/43269056', 'baseimageurl': 'https://nrs.harvard.edu/urn-3:huam:DDC113947_dynmc', 'width': 1889, 'publiccaption': None, 'idsid': 43269056, 'displayorder': 1, 'format': 'image/jpeg', 'copyright': None, 'imageid': 411037, 'renditionnumber': 'DDC113947'}, {'height': 904, 'iiifbaseuri': 'https://ids.lib.harvard.edu/ids/iiif/20028085', 'baseimageurl': 'https://nrs.harvard.edu/urn-3:HUAM:CARP03515_dynmc', 'width': 1024, 'publiccaption': 'bottom view', 'idsid': 20028085, 'displayorder': 2, 'format': 'image/jpeg', 'copyright': 'President and Fellows of Harvard College', 'imageid': 138329, 'renditionnumber': 'CARP03515'}]",1,201597,Korean,Good. Object is well described and information is vetted,,"[{'worktypeid': '389', 'worktype': 'vessel'}]",Department of Asian Art,,0,am_asianmediterranean@harvard.edu,1,201597,"Chariot Vessel with Two Cups, Two Openwork Wheels, and Openwork, Flaring Base",3,Asian and Mediterranean Art,,,0,500,,566,H. 15.4 x W. 10.9 x Diam (of wheel). 11.2 cm (6 1/16 x 4 5/16 x 4 7/16 in.),1,,550,"Harvard Art Museums/Arthur M. Sackler Museum, Partial gift of Maria C. Henderson and partial purchase through the Ernest B. and Helen Pratt Dane Fund for the Acquisition of Oriental Art",0,,7400.0,6th century,57,"Kaya-type ware: gray stoneware with appliqué and openwork decoration and with traces of natural ash glaze.  Reportedly recovered from a tomb in Hyŏnp'ung-myŏn, Talsŏng-gun, near Kyŏngju, North Kyŏngsang province, in July 1962.",0,1,Vessels,"[{'id': 'https://iiif.harvardartmuseums.org/manifests/object/201597', 'type': 'IIIF Manifest', 'format': 'application/json', 'profile': 'http://iiif.io/api/presentation/2/context.json'}]",
5,,Daguerreotype,0,,657,1,9.1979,10,2020-02-18T05:42:33-0500,6,1,,2020-02-07,2009-06-23,https://nrs.harvard.edu/urn-3:HUAM:77631_dynmc,"[{'percent': 0.53710144927536, 'spectrum': '#1eb264', 'color': '#191919', 'css3': '#000000', 'hue': 'Grey'}, {'percent': 0.24828985507246, 'spectrum': '#2eb45d', 'color': '#323232', 'css3': '#2f4f4f', 'hue': 'Grey'}, {'percent': 0.12840579710145, 'spectrum': '#3db657', 'color': '#4b4b4b', 'css3': '#2f4f4f', 'hue': 'Grey'}, {'percent': 0.028811594202899, 'spectrum': '#7866ad', 'color': '#646464', 'css3': '#696969', 'hue': 'Grey'}, {'percent': 0.020985507246377, 'spectrum': '#59ba4a', 'color': '#644b32', 'css3': '#556b2f', 'hue': 'Brown'}, {'percent': 0.010260869565217, 'spectrum': '#8761aa', 'color': '#969696', 'css3': '#a9a9a9', 'hue': 'Grey'}, {'percent': 0.0099130434782609, 'spectrum': '#8362aa', 'color': '#7d7d7d', 'css3': '#808080', 'hue': 'Grey'}, {'percent': 0.0081159420289855, 'spectrum': '#8c5fa8', 'color': '#afafaf', 'css3': '#a9a9a9', 'hue': 'Grey'}, {'percent': 0.0054492753623188, 'spectrum': '#6cbd45', 'color': '#7d6432', 'css3': '#a0522d', 'hue': 'Yellow'}, {'percent': 0.0024347826086957, 'spectrum': '#b55592', 'color': '#c8c8af', 'css3': '#c0c0c0', 'hue': 'Green'}]",c. 1850-1856,0,,,,https://www.harvardartmuseums.org/collections/object/286193,,"[{'height': 2550, 'iiifbaseuri': 'https://ids.lib.harvard.edu/ids/iiif/17917078', 'baseimageurl': 'https://nrs.harvard.edu/urn-3:HUAM:77631_dynmc', 'width': 2009, 'publiccaption': None, 'idsid': 17917078, 'displayorder': 1, 'format': 'image/jpeg', 'copyright': 'President and Fellows of Harvard College', 'imageid': 24001, 'renditionnumber': '77631'}]",3,286193,American,Good. Object is well described and information is vetted,,"[{'worktypeid': '259', 'worktype': 'photograph'}]",Department of Photographs,,1,am_europeanamerican@harvard.edu,1,286193,John Collins Warren (1778-1856),3,European and American Art,,,0,1845,,534,actual: 20.5 x 15.5 cm (8 1/16 x 6 1/8 in.),2,1430.0,1856,"Harvard Art Museums/Fogg Museum, Loan from the Massachusetts General Hospital Archives and Special Collections",0,,,19th century,17,Whole plate daguerreotype,1,1,Photographs,"[{'id': 'https://iiif.harvardartmuseums.org/manifests/object/286193', 'type': 'IIIF Manifest', 'format': 'application/json', 'profile': 'http://iiif.io/api/presentation/2/context.json'}]","[{'alphasort': 'Southworth & Hawes', 'birthplace': None, 'name': 'Southworth & Hawes', 'prefix': None, 'personid': 28806, 'gender': 'unknown', 'role': 'Artist', 'displayorder': 1, 'culture': 'American', 'displaydate': 'active 1843-1863', 'deathplace': None, 'displayname': 'Southworth & Hawes'}]"
6,2002.0,Lusterware,0,,804,2,2002.50.72,10,2020-02-18T05:38:40-0500,7,2,"Repaired from about twenty fragments, but with only small losses, this bowl is decorated with two startled-looking animals— a rooster, and, in its beak, a fish. Their wide-eyed energy is sustained by other sharply angled elements of the design: fins and tail feathers, coxcomb, and fluttering scarf. These creatures have long carried positive associations: the rooster, as the harbinger of dawn, symbolizes hope, while the fish suggests bounty. In religious contexts, the rooster also developed more specifically auspicious connotations: according to a popular epigram attributed to the Prophet Muhammad, he crows when he sees an angel; in Christian tradition, his invigorating sound recalls the faltering to their faith. The glazed base of this bowl bears an undecipherable inscription in Kufic script.",2020-02-07,2009-06-18,https://nrs.harvard.edu/urn-3:HUAM:75485_dynmc,"[{'percent': 0.24529761904762, 'spectrum': '#e9715f', 'color': '#af9664', 'css3': '#bdb76b', 'hue': 'Yellow'}, {'percent': 0.23184523809524, 'spectrum': '#8c5fa8', 'color': '#afafaf', 'css3': '#a9a9a9', 'hue': 'Grey'}, {'percent': 0.15755952380952, 'spectrum': '#8761aa', 'color': '#969696', 'css3': '#a9a9a9', 'hue': 'Grey'}, {'percent': 0.14982142857143, 'spectrum': '#8362aa', 'color': '#7d7d7d', 'css3': '#808080', 'hue': 'Grey'}, {'percent': 0.12880952380952, 'spectrum': '#8c5fa8', 'color': '#c8c8c8', 'css3': '#c0c0c0', 'hue': 'Grey'}, {'percent': 0.054880952380952, 'spectrum': '#7fc241', 'color': '#967d4b', 'css3': '#a0522d', 'hue': 'Brown'}, {'percent': 0.012261904761905, 'spectrum': '#7866ad', 'color': '#646464', 'css3': '#696969', 'hue': 'Grey'}, {'percent': 0.011547619047619, 'spectrum': '#6cbd45', 'color': '#7d6432', 'css3': '#a0522d', 'hue': 'Yellow'}, {'percent': 0.0041071428571429, 'spectrum': '#59ba4a', 'color': '#644b32', 'css3': '#556b2f', 'hue': 'Brown'}, {'percent': 0.0028571428571429, 'spectrum': '#4ab851', 'color': '#4b3219', 'css3': '#556b2f', 'hue': 'Brown'}]",10th century,1,,Abbasid period,Gift,https://www.harvardartmuseums.org/collections/object/165491,"[Mansour Gallery, London, 1973], sold; to Stanford and Norma Jean Calderwood, Belmont, MA (1973-2002), gift; to Harvard Art Museums, 2002.
","[{'height': 1913, 'iiifbaseuri': 'https://ids.lib.harvard.edu/ids/iiif/18482588', 'baseimageurl': 'https://nrs.harvard.edu/urn-3:HUAM:75485_dynmc', 'width': 2550, 'publiccaption': None, 'idsid': 18482588, 'displayorder': 1, 'format': 'image/jpeg', 'copyright': 'President and Fellows of Harvard College', 'imageid': 35525, 'renditionnumber': '75485'}, {'height': 1558, 'iiifbaseuri': 'https://ids.lib.harvard.edu/ids/iiif/42759101', 'baseimageurl': 'https://nrs.harvard.edu/urn-3:huam:DDC112844_dynmc', 'width': 2550, 'publiccaption': 'side', 'idsid': 42759101, 'displayorder': 2, 'format': 'image/jpeg', 'copyright': None, 'imageid': 410153, 'renditionnumber': 'DDC112844'}]",2,165491,,Good. Object is well described and information is vetted,,"[{'worktypeid': '389', 'worktype': 'vessel'}]",Department of Islamic & Later Indian Art,,0,am_asianmediterranean@harvard.edu,1,165491,Bowl with Rooster and Fish,3,Asian and Mediterranean Art,,"Label text from exhibition “Re-View,” an overview of objects drawn from the collections of Harvard Art Museums, 26 April 2008 – 1 July 2013;  label text written by Mary McWilliams, Norma Jean Calderwood Curator of Islamic and Later Indian Art, Division of Asian and Mediterranean Art:

Bowl with Rooster Holding a Fish
Iraq, Basra, `Abbasid dynasty, late 9th–early 10th century
Earthenware with luster painted over glaze 
Arthur M. Sackler Museum, The Norma Jean Calderwood Collection of Islamic Art, 2002.50.72

One of the most significant innovations attributed to ninth-century potters working in Basra was the application of luster painting to ceramics. In this failure-prone technique, the artist painted a mixture of metal oxides onto an already fired and glazed surface. The vessel was then fired a second time in a kiln with a low-oxygen atmosphere. If all went right, the design was deposited on the glaze as an irides¬cent stain, imperceptible to the touch. Probably the costliest product of the Basra kilns, lusterware was widely exported and imitated. Knowledge of the luster technique gradually spread both eastward into Iran and westward as far as Spain.
",1,9,"Probably the costliest products of the Basra kilns, luster wares were widely exported and imitated. Knowledge of the luster technique gradually spread westward to Syria, Egypt, and Spain, and eastward into Iran. Early luster designs were typically bold and loosely painted, covering most of the vessel. Auspicious inscriptions or symbols were particularly popular. The creatures rendered here — a wide-eyed rooster and a fish — have long carried positive associations: as the harbinger of dawn, the rooster symbolizes hope, while the fish suggests bounty.",674,5.9 x 23.2 cm (2 5/16 x 9 1/8 in.),5,2341.0,9,"Harvard Art Museums/Arthur M. Sackler Museum, The Norma Jean Calderwood Collection of Islamic Art",0,,2497.0,10th century,57,Buff-colored earthenware painted with luster (silver and copper) over white lead alkali glaze opacified with tin,0,1,Vessels,"[{'id': 'https://iiif.harvardartmuseums.org/manifests/object/165491', 'type': 'IIIF Manifest', 'format': 'application/json', 'profile': 'http://iiif.io/api/presentation/2/context.json'}]",
7,2008.0,Gelatin silver print,0,,553,1,2008.29,0,2020-02-18T05:43:52-0500,8,1,,2020-02-08,2009-06-15,https://nrs.harvard.edu/urn-3:HUAM:DDC105927_dynmc,,1934-1935?,0,"© Artists Rights Society (ARS), New York / VG Bild-Kunst, Germany",,Purchase,https://www.harvardartmuseums.org/collections/object/324662,"Albert Renger-Patzsch, Essen, created, 1934-35?
Christie's, New York, sold, April 24, 2007, no. 308
Charles Isaacs Photographs, Inc., New York, purchased at Christie's, New York, April 24, 2007, sold to Busch-Reisinger Museum, 2008.","[{'height': 2550, 'iiifbaseuri': 'https://ids.lib.harvard.edu/ids/iiif/10466657', 'baseimageurl': 'https://nrs.harvard.edu/urn-3:HUAM:DDC105927_dynmc', 'width': 1910, 'publiccaption': None, 'idsid': 10466657, 'displayorder': 1, 'format': 'image/jpeg', 'copyright': 'President and Fellows of Harvard College', 'imageid': 320876, 'renditionnumber': 'DDC105927'}]",0,324662,German,Good. Object is well described and information is vetted,,"[{'worktypeid': '259', 'worktype': 'photograph'}]",Busch-Reisinger Museum,,5,am_moderncontemporary@harvard.edu,1,324662,"[Detail of a Benzene Wash, Scholven Coal Mine near Buer]",3,Modern and Contemporary Art,,,0,1934,,495,23 x 17.1 cm (9 1/16 x 6 3/4 in.),0,123.0,1935,"Harvard Art Museums/Busch-Reisinger Museum, Purchase through the generosity of Richard and Priscilla Hunt",0,,,20th century,17,,1,1,Photographs,"[{'id': 'https://iiif.harvardartmuseums.org/manifests/object/324662', 'type': 'IIIF Manifest', 'format': 'application/json', 'profile': 'http://iiif.io/api/presentation/2/context.json'}]","[{'alphasort': 'Renger-Patzsch, Albert', 'birthplace': 'Würzburg', 'name': 'Albert Renger-Patzsch', 'prefix': None, 'personid': 28243, 'gender': 'male', 'role': 'Artist', 'displayorder': 1, 'culture': 'German', 'displaydate': '1897 - 1966', 'deathplace': 'Wamel bei Soest', 'displayname': 'Albert Renger-Patzsch'}]"
8,2004.0,Repoussé,0,,643,2,2004.134,10,2020-02-18T05:35:16-0500,9,12,Circular tazza on a detachable raised foot chased in high relief with a central medallion inside a husk border depicting Venus and Adonis in a landscape flanked by a putto and three hounds in repoussé; the border chased with four roundels containing putti representing the Four Elements interspersed with a variety of fruits and vegetables also in high relief against a matted ground; the detachable raised foot chased with two scenes of musical figures in landscapes interspersed with similar fruits and vegetables; wrigglework border.,2020-02-08,2009-05-12,https://nrs.harvard.edu/urn-3:HUAM:76606_dynmc,"[{'percent': 0.35547619047619, 'spectrum': '#8c5fa8', 'color': '#afafaf', 'css3': '#a9a9a9', 'hue': 'Grey'}, {'percent': 0.21184523809524, 'spectrum': '#8362aa', 'color': '#7d7d7d', 'css3': '#808080', 'hue': 'Grey'}, {'percent': 0.16892857142857, 'spectrum': '#8761aa', 'color': '#969696', 'css3': '#a9a9a9', 'hue': 'Grey'}, {'percent': 0.1035119047619, 'spectrum': '#8c5fa8', 'color': '#c8c8c8', 'css3': '#c0c0c0', 'hue': 'Grey'}, {'percent': 0.062142857142857, 'spectrum': '#c25687', 'color': '#af967d', 'css3': '#bc8f8f', 'hue': 'Brown'}, {'percent': 0.036964285714286, 'spectrum': '#7866ad', 'color': '#646464', 'css3': '#696969', 'hue': 'Grey'}, {'percent': 0.034464285714286, 'spectrum': '#955ba5', 'color': '#e1e1e1', 'css3': '#dcdcdc', 'hue': 'Grey'}, {'percent': 0.019583333333333, 'spectrum': '#b65590', 'color': '#967d64', 'css3': '#808080', 'hue': 'Brown'}, {'percent': 0.0047619047619048, 'spectrum': '#b25593', 'color': '#7d644b', 'css3': '#696969', 'hue': 'Yellow'}, {'percent': 0.002202380952381, 'spectrum': '#8362aa', 'color': '#644b4b', 'css3': '#696969', 'hue': 'Brown'}]",dated 1683,0,,Charles II (1660-1685),Purchase,https://www.harvardartmuseums.org/collections/object/5364,"[Anonymous sale, Christie's, May 28, 1902, lot 89]. J. P. Morgan, New York, by 1937,[1] sold [through Christie's, New York, October 26, 1982, lot 52. His Excellency Mohamed Mahdi Altajir, sold [through his sale, Christie's, New York, Ocotber 19, 2004, lot 1086]; to Harvard Art Museums, 2004.

[1] 1937 inventory by Crichton Brothers","[{'height': 4080, 'iiifbaseuri': 'https://ids.lib.harvard.edu/ids/iiif/436089973', 'baseimageurl': 'https://nrs.harvard.edu/urn-3:HUAM:76606_dynmc', 'width': 5440, 'publiccaption': None, 'idsid': 436089973, 'displayorder': 1, 'format': 'image/jpeg', 'copyright': 'President and Fellows of Harvard College', 'imageid': 23757, 'renditionnumber': '76606'}, {'height': 292, 'iiifbaseuri': 'https://ids.lib.harvard.edu/ids/iiif/17825916', 'baseimageurl': 'https://nrs.harvard.edu/urn-3:HUAM:76604_dynmc', 'width': 1024, 'publiccaption': 'detail of inscription under foot rim', 'idsid': 17825916, 'displayorder': 2, 'format': 'image/jpeg', 'copyright': 'President and Fellows of Harvard College', 'imageid': 35794, 'renditionnumber': '76604'}, {'height': 1020, 'iiifbaseuri': 'https://ids.lib.harvard.edu/ids/iiif/17825917', 'baseimageurl': 'https://nrs.harvard.edu/urn-3:HUAM:76605_dynmc', 'width': 1024, 'publiccaption': 'detail of foot with tray removed', 'idsid': 17825917, 'displayorder': 3, 'format': 'image/jpeg', 'copyright': 'President and Fellows of Harvard College', 'imageid': 134422, 'renditionnumber': '76605'}, {'height': 630, 'iiifbaseuri': 'https://ids.lib.harvard.edu/ids/iiif/17825919', 'baseimageurl': 'https://nrs.harvard.edu/urn-3:HUAM:76607_dynmc', 'width': 1024, 'publiccaption': 'detail of one scene on foot', 'idsid': 17825919, 'displayorder': 4, 'format': 'image/jpeg', 'copyright': 'President and Fellows of Harvard College', 'imageid': 86570, 'renditionnumber': '76607'}, {'height': 672, 'iiifbaseuri': 'https://ids.lib.harvard.edu/ids/iiif/17825920', 'baseimageurl': 'https://nrs.harvard.edu/urn-3:HUAM:76608_dynmc', 'width': 1024, 'publiccaption': 'detail of one scene on foot', 'idsid': 17825920, 'displayorder': 5, 'format': 'image/jpeg', 'copyright': 'President and Fellows of Harvard College', 'imageid': 23758, 'renditionnumber': '76608'}, {'height': 1006, 'iiifbaseuri': 'https://ids.lib.harvard.edu/ids/iiif/17825921', 'baseimageurl': 'https://nrs.harvard.edu/urn-3:HUAM:76609_dynmc', 'width': 1024, 'publiccaption': 'detail of central medallion with Venus and Adonis', 'idsid': 17825921, 'displayorder': 6, 'format': 'image/jpeg', 'copyright': 'President and Fellows of Harvard College', 'imageid': 86571, 'renditionnumber': '76609'}, {'height': 885, 'iiifbaseuri': 'https://ids.lib.harvard.edu/ids/iiif/17825922', 'baseimageurl': 'https://nrs.harvard.edu/urn-3:HUAM:76610_dynmc', 'width': 1024, 'publiccaption': 'detail of roundel with personification of Fire', 'idsid': 17825922, 'displayorder': 7, 'format': 'image/jpeg', 'copyright': 'President and Fellows of Harvard College', 'imageid': 86572, 'renditionnumber': '76610'}, {'height': 1024, 'iiifbaseuri': 'https://ids.lib.harvard.edu/ids/iiif/17825923', 'baseimageurl': 'https://nrs.harvard.edu/urn-3:HUAM:76611_dynmc', 'width': 938, 'publiccaption': 'detail of roundel with personification of Air', 'idsid': 17825923, 'displayorder': 8, 'format': 'image/jpeg', 'copyright': 'President and Fellows of Harvard College', 'imageid': 23759, 'renditionnumber': '76611'}, {'height': 789, 'iiifbaseuri': 'https://ids.lib.harvard.edu/ids/iiif/17825924', 'baseimageurl': 'https://nrs.harvard.edu/urn-3:HUAM:76612_dynmc', 'width': 1024, 'publiccaption': 'detail of roundel with personification of Water', 'idsid': 17825924, 'displayorder': 9, 'format': 'image/jpeg', 'copyright': 'President and Fellows of Harvard College', 'imageid': 86573, 'renditionnumber': '76612'}, {'height': 1024, 'iiifbaseuri': 'https://ids.lib.harvard.edu/ids/iiif/17825925', 'baseimageurl': 'https://nrs.harvard.edu/urn-3:HUAM:76613_dynmc', 'width': 897, 'publiccaption': 'detail of roundel with personification of Earth', 'idsid': 17825925, 'displayorder': 10, 'format': 'image/jpeg', 'copyright': 'President and Fellows of Harvard College', 'imageid': 23760, 'renditionnumber': '76613'}, {'height': 510, 'iiifbaseuri': 'https://ids.lib.harvard.edu/ids/iiif/17825926', 'baseimageurl': 'https://nrs.harvard.edu/urn-3:HUAM:76614_dynmc', 'width': 1024, 'publiccaption': 'side view showing foot', 'idsid': 17825926, 'displayorder': 11, 'format': 'image/jpeg', 'copyright': 'President and Fellows of Harvard College', 'imageid': 134423, 'renditionnumber': '76614'}, {'height': 286, 'iiifbaseuri': 'https://ids.lib.harvard.edu/ids/iiif/18204284', 'baseimageurl': 'https://nrs.harvard.edu/urn-3:HUAM:78049_dynmc', 'width': 1024, 'publiccaption': 'detail marks on rim', 'idsid': 18204284, 'displayorder': 12, 'format': 'image/jpeg', 'copyright': 'President and Fellows of Harvard College', 'imageid': 24426, 'renditionnumber': '78049'}]",3,5364,"British, English","Best. Object is extensively researched, well described and information is vetted",,"[{'worktypeid': '389', 'worktype': 'vessel'}]","Department of Paintings, Sculpture & Decorative Arts",,5,am_europeanamerican@harvard.edu,2,5364,Tazza,4,European and American Art,,,0,1683,,544,"33.5 × 8.3 cm (13 3/16 × 3 1/4 in.)
958 g",1,740.0,1683,"Harvard Art Museums/Fogg Museum, Gift  of Trustees of the estate of Mrs. Harry Paine Whitney, by exchange",0,,3371.0,17th century,57,Silver,1,1,Vessels,"[{'id': 'https://iiif.harvardartmuseums.org/manifests/object/5364', 'type': 'IIIF Manifest', 'format': 'application/json', 'profile': 'http://iiif.io/api/presentation/2/context.json'}]","[{'alphasort': ""Maker's Mark Cipher, apparently IB or SB"", 'birthplace': None, 'name': ""Maker's Mark Cipher, apparently IB or SB"", 'prefix': None, 'personid': 25046, 'gender': 'unknown', 'role': 'Artist', 'displayorder': 1, 'culture': 'British, English', 'displaydate': None, 'deathplace': None, 'displayname': ""Maker's Mark Cipher, apparently IB or SB""}]"
9,2004.0,Lithograph,0,,701,2,M26222,7,2020-02-18T05:36:29-0500,10,1,,2020-02-08,2009-07-08,https://nrs.harvard.edu/urn-3:HUAM:79043_dynmc,"[{'percent': 0.46754716981132, 'spectrum': '#e9715f', 'color': '#e1c8af', 'css3': '#f5deb3', 'hue': 'Orange'}, {'percent': 0.13069182389937, 'spectrum': '#3db657', 'color': '#4b4b4b', 'css3': '#2f4f4f', 'hue': 'Grey'}, {'percent': 0.12622641509434, 'spectrum': '#59ba4a', 'color': '#64644b', 'css3': '#696969', 'hue': 'Green'}, {'percent': 0.091635220125786, 'spectrum': '#8e5ea7', 'color': '#96967d', 'css3': '#808080', 'hue': 'Green'}, {'percent': 0.08062893081761, 'spectrum': '#ae5596', 'color': '#af9696', 'css3': '#bc8f8f', 'hue': 'Brown'}, {'percent': 0.063396226415094, 'spectrum': '#6cbd45', 'color': '#7d7d64', 'css3': '#808080', 'hue': 'Yellow'}, {'percent': 0.039874213836478, 'spectrum': '#2eb45d', 'color': '#323232', 'css3': '#2f4f4f', 'hue': 'Grey'}]",1850,0,,,Gift,https://www.harvardartmuseums.org/collections/object/55407,"Samuel Josefowitz, Pully / Lausanne, Switzerland, sold; to R. M. Light, 2004, sold; to Mariot Fraser Solomon, gift; to Harvard University Art Museums, 2004.
","[{'height': 1024, 'iiifbaseuri': 'https://ids.lib.harvard.edu/ids/iiif/18482704', 'baseimageurl': 'https://nrs.harvard.edu/urn-3:HUAM:79043_dynmc', 'width': 731, 'publiccaption': None, 'idsid': 18482704, 'displayorder': 1, 'format': 'image/jpeg', 'copyright': 'President and Fellows of Harvard College', 'imageid': 134992, 'renditionnumber': '79043'}]",0,55407,French,Good. Object is well described and information is vetted,,"[{'worktypeid': '278', 'worktype': 'print'}]",Department of Prints,proof before letters,0,am_europeanamerican@harvard.edu,2,55407,The Apostle Jean Journet,3,European and American Art,,,0,1850,,620,image with border: 24.5 x 17 cm (9 5/8 x 6 11/16 in.),0,136.0,1850,"Harvard Art Museums/Fogg Museum, Gift of Mariot Fraser Solomon in memory of Arthur K. Solomon",0,,,19th century,23,,1,1,Prints,"[{'id': 'https://iiif.harvardartmuseums.org/manifests/object/55407', 'type': 'IIIF Manifest', 'format': 'application/json', 'profile': 'http://iiif.io/api/presentation/2/context.json'}]","[{'alphasort': 'Courbet, Gustave', 'birthplace': 'Ornans, France', 'name': 'Gustave Courbet', 'prefix': None, 'personid': 33736, 'gender': 'male', 'role': 'Artist', 'displayorder': 1, 'culture': 'French', 'displaydate': '1819 - 1877', 'deathplace': 'La Tour-de-Peilzy, near Vevey, Switzerland', 'displayname': 'Gustave Courbet'}]"
