,accessionmethod,accessionyear,accesslevel,century,classification,classificationid,colorcount,colors,commentary,contact,contextualtextcount,copyright,creditline,culture,datebegin,dated,dateend,dateoffirstpageview,dateoflastpageview,department,description,dimensions,division,edition,exhibitioncount,groupcount,id,imagecount,imagepermissionlevel,images,labeltext,lastupdate,markscount,mediacount,medium,objectid,objectnumber,people,peoplecount,period,periodid,primaryimageurl,provenance,publicationcount,rank,relatedcount,seeAlso,signed,standardreferencenumber,state,style,technique,techniqueid,title,titlescount,totalpageviews,totaluniquepageviews,url,verificationlevel,verificationleveldescription,worktypes
0,Purchase,1972,1,20th century,Photographs,17,10,"[{'percent': 0.46293785310734, 'spectrum': '#2eb45d', 'color': '#323232', 'css3': '#2f4f4f', 'hue': 'Grey'}, {'percent': 0.23774011299435, 'spectrum': '#1eb264', 'color': '#191919', 'css3': '#000000', 'hue': 'Grey'}, {'percent': 0.065084745762712, 'spectrum': '#3db657', 'color': '#4b4b4b', 'css3': '#2f4f4f', 'hue': 'Grey'}, {'percent': 0.057175141242938, 'spectrum': '#8c5fa8', 'color': '#afafaf', 'css3': '#a9a9a9', 'hue': 'Grey'}, {'percent': 0.047005649717514, 'spectrum': '#8761aa', 'color': '#969696', 'css3': '#a9a9a9', 'hue': 'Grey'}, {'percent': 0.04361581920904, 'spectrum': '#8c5fa8', 'color': '#c8c8c8', 'css3': '#c0c0c0', 'hue': 'Grey'}, {'percent': 0.03638418079096, 'spectrum': '#8362aa', 'color': '#7d7d7d', 'css3': '#808080', 'hue': 'Grey'}, {'percent': 0.029717514124294, 'spectrum': '#7866ad', 'color': '#646464', 'css3': '#696969', 'hue': 'Grey'}, {'percent': 0.015762711864407, 'spectrum': '#955ba5', 'color': '#e1e1e1', 'css3': '#dcdcdc', 'hue': 'Grey'}, {'percent': 0.0045762711864407, 'spectrum': '#955ba5', 'color': '#fafafa', 'css3': '#fffafa', 'hue': 'White'}]",,am_moderncontemporary@harvard.edu,0,© Estate of Aaron Siskind,"Harvard Art Museums/Fogg Museum, National Endowment for the Arts Grant",American,1951,1951,1951,2009-08-14,2020-03-03,Department of Photographs,,actual: 49.2 x 38.8 cm (19 3/8 x 15 1/4 in.),Modern and Contemporary Art,,5,2,302274,2,1,"[{'height': 2550, 'iiifbaseuri': 'https://ids.lib.harvard.edu/ids/iiif/46080018', 'baseimageurl': 'https://nrs.harvard.edu/urn-3:HUAM:DDC250266_dynmc', 'width': 2014, 'publiccaption': None, 'idsid': 46080018, 'displayorder': 1, 'format': 'image/jpeg', 'copyright': 'President and Fellows of Harvard College', 'imageid': 426948, 'renditionnumber': 'DDC250266'}, {'height': 1024, 'iiifbaseuri': 'https://ids.lib.harvard.edu/ids/iiif/43154768', 'baseimageurl': 'https://nrs.harvard.edu/urn-3:HUAM:LEG1039_dynmc', 'width': 812, 'publiccaption': None, 'idsid': 43154768, 'displayorder': 2, 'format': 'image/jpeg', 'copyright': 'President and Fellows of Harvard College', 'imageid': 120991, 'renditionnumber': 'LEG1039'}]",,2020-03-17T05:44:57-0400,0,0,,302274,P1972.216,"[{'alphasort': 'Siskind, Aaron', 'birthplace': 'New York, N.Y., USA', 'name': 'Aaron Siskind', 'prefix': None, 'personid': 28734, 'gender': 'male', 'role': 'Artist', 'displayorder': 1, 'culture': 'American', 'displaydate': '1903 - 1991', 'deathplace': 'Providence, R.I., USA', 'displayname': 'Aaron Siskind'}]",1,,,https://nrs.harvard.edu/urn-3:HUAM:DDC250266_dynmc,"Light Gallery, New York, New York, sold to the Fogg Art Museum, 1972.
",2,1,0,"[{'id': 'https://iiif.harvardartmuseums.org/manifests/object/302274', 'type': 'IIIF Manifest', 'format': 'application/json', 'profile': 'http://iiif.io/api/presentation/2/context.json'}]",,,,,Gelatin silver print,123.0,New York 7,1,606,510,https://www.harvardartmuseums.org/collections/object/302274,3,Good. Object is well described and information is vetted,"[{'worktypeid': '259', 'worktype': 'photograph'}]"
1,Gift,2002,1,10th century,Vessels,57,10,"[{'percent': 0.24529761904762, 'spectrum': '#e9715f', 'color': '#af9664', 'css3': '#bdb76b', 'hue': 'Yellow'}, {'percent': 0.23184523809524, 'spectrum': '#8c5fa8', 'color': '#afafaf', 'css3': '#a9a9a9', 'hue': 'Grey'}, {'percent': 0.15755952380952, 'spectrum': '#8761aa', 'color': '#969696', 'css3': '#a9a9a9', 'hue': 'Grey'}, {'percent': 0.14982142857143, 'spectrum': '#8362aa', 'color': '#7d7d7d', 'css3': '#808080', 'hue': 'Grey'}, {'percent': 0.12880952380952, 'spectrum': '#8c5fa8', 'color': '#c8c8c8', 'css3': '#c0c0c0', 'hue': 'Grey'}, {'percent': 0.054880952380952, 'spectrum': '#7fc241', 'color': '#967d4b', 'css3': '#a0522d', 'hue': 'Brown'}, {'percent': 0.012261904761905, 'spectrum': '#7866ad', 'color': '#646464', 'css3': '#696969', 'hue': 'Grey'}, {'percent': 0.011547619047619, 'spectrum': '#6cbd45', 'color': '#7d6432', 'css3': '#a0522d', 'hue': 'Yellow'}, {'percent': 0.0041071428571429, 'spectrum': '#59ba4a', 'color': '#644b32', 'css3': '#556b2f', 'hue': 'Brown'}, {'percent': 0.0028571428571429, 'spectrum': '#4ab851', 'color': '#4b3219', 'css3': '#556b2f', 'hue': 'Brown'}]","Label text from exhibition “Re-View,” an overview of objects drawn from the collections of Harvard Art Museums, 26 April 2008 – 1 July 2013;  label text written by Mary McWilliams, Norma Jean Calderwood Curator of Islamic and Later Indian Art, Division of Asian and Mediterranean Art:

Bowl with Rooster Holding a Fish
Iraq, Basra, `Abbasid dynasty, late 9th–early 10th century
Earthenware with luster painted over glaze 
Arthur M. Sackler Museum, The Norma Jean Calderwood Collection of Islamic Art, 2002.50.72

One of the most significant innovations attributed to ninth-century potters working in Basra was the application of luster painting to ceramics. In this failure-prone technique, the artist painted a mixture of metal oxides onto an already fired and glazed surface. The vessel was then fired a second time in a kiln with a low-oxygen atmosphere. If all went right, the design was deposited on the glaze as an irides¬cent stain, imperceptible to the touch. Probably the costliest product of the Basra kilns, lusterware was widely exported and imitated. Knowledge of the luster technique gradually spread both eastward into Iran and westward as far as Spain.
",am_asianmediterranean@harvard.edu,1,,"Harvard Art Museums/Arthur M. Sackler Museum, The Norma Jean Calderwood Collection of Islamic Art",,9,10th century,9,2009-06-18,2020-03-03,Department of Islamic & Later Indian Art,"Repaired from about twenty fragments, but with only small losses, this bowl is decorated with two startled-looking animals— a rooster, and, in its beak, a fish. Their wide-eyed energy is sustained by other sharply angled elements of the design: fins and tail feathers, coxcomb, and fluttering scarf. These creatures have long carried positive associations: the rooster, as the harbinger of dawn, symbolizes hope, while the fish suggests bounty. In religious contexts, the rooster also developed more specifically auspicious connotations: according to a popular epigram attributed to the Prophet Muhammad, he crows when he sees an angel; in Christian tradition, his invigorating sound recalls the faltering to their faith. The glazed base of this bowl bears an undecipherable inscription in Kufic script.",5.9 x 23.2 cm (2 5/16 x 9 1/8 in.),Asian and Mediterranean Art,,5,2,165491,2,0,"[{'height': 1913, 'iiifbaseuri': 'https://ids.lib.harvard.edu/ids/iiif/18482588', 'baseimageurl': 'https://nrs.harvard.edu/urn-3:HUAM:75485_dynmc', 'width': 2550, 'publiccaption': None, 'idsid': 18482588, 'displayorder': 1, 'format': 'image/jpeg', 'copyright': 'President and Fellows of Harvard College', 'imageid': 35525, 'renditionnumber': '75485'}, {'height': 1558, 'iiifbaseuri': 'https://ids.lib.harvard.edu/ids/iiif/42759101', 'baseimageurl': 'https://nrs.harvard.edu/urn-3:huam:DDC112844_dynmc', 'width': 2550, 'publiccaption': 'side', 'idsid': 42759101, 'displayorder': 2, 'format': 'image/jpeg', 'copyright': None, 'imageid': 410153, 'renditionnumber': 'DDC112844'}]","Probably the costliest products of the Basra kilns, luster wares were widely exported and imitated. Knowledge of the luster technique gradually spread westward to Syria, Egypt, and Spain, and eastward into Iran. Early luster designs were typically bold and loosely painted, covering most of the vessel. Auspicious inscriptions or symbols were particularly popular. The creatures rendered here — a wide-eyed rooster and a fish — have long carried positive associations: as the harbinger of dawn, the rooster symbolizes hope, while the fish suggests bounty.",2020-03-17T05:40:36-0400,0,0,Buff-colored earthenware painted with luster (silver and copper) over white lead alkali glaze opacified with tin,165491,2002.50.72,,0,Abbasid period,2497.0,https://nrs.harvard.edu/urn-3:HUAM:75485_dynmc,"[Mansour Gallery, London, 1973], sold; to Stanford and Norma Jean Calderwood, Belmont, MA (1973-2002), gift; to Harvard Art Museums, 2002.
",2,2,1,"[{'id': 'https://iiif.harvardartmuseums.org/manifests/object/165491', 'type': 'IIIF Manifest', 'format': 'application/json', 'profile': 'http://iiif.io/api/presentation/2/context.json'}]",,,,,Lusterware,2341.0,Bowl with Rooster and Fish,1,812,682,https://www.harvardartmuseums.org/collections/object/165491,3,Good. Object is well described and information is vetted,"[{'worktypeid': '389', 'worktype': 'vessel'}]"
2,Purchase,2010,1,21st century,Photographs,17,0,,,am_moderncontemporary@harvard.edu,0,,"Harvard Art Museums/Arthur M. Sackler Museum, Purchase through the generosity of Jose M. Soriano",Canadian,2001,2001-2003,2003,2010-05-10,2020-03-04,Department of Islamic & Later Indian Art,,"59 x 150.8 cm (23 1/4 x 59 3/8 in.)
sheet: 63.4 x 153 cm (24 15/16 x 60 1/4 in.)",Modern and Contemporary Art,3/5,1,1,336294,1,0,"[{'height': 1057, 'iiifbaseuri': 'https://ids.lib.harvard.edu/ids/iiif/16084093', 'baseimageurl': 'https://nrs.harvard.edu/urn-3:HUAM:DDC110914_dynmc', 'width': 2550, 'publiccaption': None, 'idsid': 16084093, 'displayorder': 1, 'format': 'image/jpeg', 'copyright': 'President and Fellows of Harvard College', 'imageid': 373995, 'renditionnumber': 'DDC110914'}]",,2020-03-17T05:45:56-0400,1,0,,336294,2010.430,"[{'alphasort': 'Gupta, Sunil', 'birthplace': 'New Delhi, India', 'name': 'Sunil Gupta', 'prefix': None, 'personid': 55348, 'gender': 'unknown', 'role': 'Artist', 'displayorder': 1, 'culture': 'Canadian', 'displaydate': 'born 1953', 'deathplace': None, 'displayname': 'Sunil Gupta'}]",1,,,https://nrs.harvard.edu/urn-3:HUAM:DDC110914_dynmc,"Sunil Gupta, Delhi, sold; [through Sepia Eye, New York, 2010]; to Harvard Art Museum, 2010.",0,3,0,"[{'id': 'https://iiif.harvardartmuseums.org/manifests/object/336294', 'type': 'IIIF Manifest', 'format': 'application/json', 'profile': 'http://iiif.io/api/presentation/2/context.json'}]",,,,,Pigment print,4806.0,"Jama Masjid, Delhi/Boulevard René Lévesque Ouest, Montréal",2,552,483,https://www.harvardartmuseums.org/collections/object/336294,3,Good. Object is well described and information is vetted,"[{'worktypeid': '259', 'worktype': 'photograph'}]"
3,Gift,1895,1,1st century BCE-1st century CE,Vessels,57,7,"[{'percent': 0.3052, 'spectrum': '#00929e', 'color': '#00324b', 'css3': '#191970', 'hue': 'Green'}, {'percent': 0.21366666666667, 'spectrum': '#8362aa', 'color': '#7d7d7d', 'css3': '#808080', 'hue': 'Grey'}, {'percent': 0.15173333333333, 'spectrum': '#7866ad', 'color': '#646464', 'css3': '#696969', 'hue': 'Grey'}, {'percent': 0.10713333333333, 'spectrum': '#00929e', 'color': '#19324b', 'css3': '#2f4f4f', 'hue': 'Blue'}, {'percent': 0.096466666666667, 'spectrum': '#3db657', 'color': '#4b4b4b', 'css3': '#2f4f4f', 'hue': 'Grey'}, {'percent': 0.0864, 'spectrum': '#00929e', 'color': '#001932', 'css3': '#000000', 'hue': 'Green'}, {'percent': 0.0394, 'spectrum': '#8761aa', 'color': '#969696', 'css3': '#a9a9a9', 'hue': 'Grey'}]",,am_asianmediterranean@harvard.edu,0,,"Harvard Art Museums/Arthur M. Sackler Museum, Gift of Professor C.E. Norton and Richard Norton",Roman,-50,second half of the 1st century BCE-first half of the 1st century CE,50,2009-09-15,2020-03-04,Department of Ancient and Byzantine Art & Numismatics,"Intact, ribbed bowl in translucent, cobalt glass. Rim flairs from a constricted shoulder; globular body with trail of opaque white wound around the shoulder and marvered into the surface; wheel-cut horizontal groove beneath the rim; narrow, vertical ribs have been tooled around the body.

Classification: C. Isings, Roman Glass from Dated Finds (Djakarta: Groningen, 1957), form 17

Comparison: Corning Museum of Glass 58.1.35",6.2 x 10.6 cm (2 7/16 x 4 3/16 in.),Asian and Mediterranean Art,,2,2,292687,2,0,"[{'height': 1707, 'iiifbaseuri': 'https://ids.lib.harvard.edu/ids/iiif/400220118', 'baseimageurl': 'https://nrs.harvard.edu/urn-3:HUAM:STR017954', 'width': 2550, 'publiccaption': None, 'idsid': 400220118, 'displayorder': 1, 'format': 'image/jpeg', 'copyright': 'President and Fellows of Harvard College', 'imageid': 444867, 'renditionnumber': 'STR017954'}, {'height': 1862, 'iiifbaseuri': 'https://ids.lib.harvard.edu/ids/iiif/18813107', 'baseimageurl': 'https://nrs.harvard.edu/urn-3:HUAM:INV030421_dynmc', 'width': 2550, 'publiccaption': None, 'idsid': 18813107, 'displayorder': 2, 'format': 'image/jpeg', 'copyright': 'President and Fellows of Harvard College', 'imageid': 87201, 'renditionnumber': 'INV030421'}]",,2020-03-17T05:44:39-0400,0,0,"Glass
",292687,1895.233,,0,"Roman Imperial period, Early",138.0,https://nrs.harvard.edu/urn-3:HUAM:STR017954,"Charles Eliot Norton and Richard Norton, Cambridge, MA (by 1895), gift; to Fogg Art Museum, 1895.",0,4,0,"[{'id': 'https://iiif.harvardartmuseums.org/manifests/object/292687', 'type': 'IIIF Manifest', 'format': 'application/json', 'profile': 'http://iiif.io/api/presentation/2/context.json'}]",,,,,Free-blown glass,7334.0,Ribbed Bowl,1,748,591,https://www.harvardartmuseums.org/collections/object/292687,3,Good. Object is well described and information is vetted,"[{'worktypeid': '389', 'worktype': 'vessel'}]"
4,Purchase,1991,1,5th century,Vessels,57,8,"[{'percent': 0.33172619047619, 'spectrum': '#8362aa', 'color': '#7d7d7d', 'css3': '#808080', 'hue': 'Grey'}, {'percent': 0.22517857142857, 'spectrum': '#7866ad', 'color': '#646464', 'css3': '#696969', 'hue': 'Grey'}, {'percent': 0.20321428571429, 'spectrum': '#8761aa', 'color': '#969696', 'css3': '#a9a9a9', 'hue': 'Grey'}, {'percent': 0.0975, 'spectrum': '#3db657', 'color': '#4b4b4b', 'css3': '#2f4f4f', 'hue': 'Grey'}, {'percent': 0.085238095238095, 'spectrum': '#8e5ea7', 'color': '#afaf96', 'css3': '#a9a9a9', 'hue': 'Green'}, {'percent': 0.033035714285714, 'spectrum': '#8c5fa8', 'color': '#c8c8c8', 'css3': '#c0c0c0', 'hue': 'Grey'}, {'percent': 0.013928571428571, 'spectrum': '#4ab851', 'color': '#4b3232', 'css3': '#2f4f4f', 'hue': 'Red'}, {'percent': 0.010178571428571, 'spectrum': '#1eb264', 'color': '#000000', 'css3': '#000000', 'hue': 'Black'}]",,am_asianmediterranean@harvard.edu,0,,"Harvard Art Museums/Arthur M. Sackler Museum, Partial gift of Maria C. Henderson and partial purchase through the Ernest B. and Helen Pratt Dane Fund for the Acquisition of Oriental Art",Korean,400,5th century,500,2009-08-05,2020-03-04,Department of Asian Art,,H. 58.7 x Diam. 37.4 cm (23 1/8 x 14 3/4 in.),Asian and Mediterranean Art,,1,2,219626,4,0,"[{'height': 2550, 'iiifbaseuri': 'https://ids.lib.harvard.edu/ids/iiif/43296766', 'baseimageurl': 'https://nrs.harvard.edu/urn-3:huam:DDC114020_dynmc', 'width': 1909, 'publiccaption': None, 'idsid': 43296766, 'displayorder': 1, 'format': 'image/jpeg', 'copyright': None, 'imageid': 411057, 'renditionnumber': 'DDC114020'}, {'height': 1024, 'iiifbaseuri': 'https://ids.lib.harvard.edu/ids/iiif/20028094', 'baseimageurl': 'https://nrs.harvard.edu/urn-3:HUAM:CARP03524_dynmc', 'width': 625, 'publiccaption': None, 'idsid': 20028094, 'displayorder': 2, 'format': 'image/jpeg', 'copyright': 'President and Fellows of Harvard College', 'imageid': 45016, 'renditionnumber': 'CARP03524'}, {'height': 1024, 'iiifbaseuri': 'https://ids.lib.harvard.edu/ids/iiif/43162483', 'baseimageurl': 'https://nrs.harvard.edu/urn-3:HUAM:LEG947_dynmc', 'width': 757, 'publiccaption': None, 'idsid': 43162483, 'displayorder': 3, 'format': 'image/jpeg', 'copyright': 'President and Fellows of Harvard College', 'imageid': 80585, 'renditionnumber': 'LEG947'}, {'height': 1024, 'iiifbaseuri': 'https://ids.lib.harvard.edu/ids/iiif/43182830', 'baseimageurl': 'https://nrs.harvard.edu/urn-3:HUAM:46476_dynmc', 'width': 724, 'publiccaption': None, 'idsid': 43182830, 'displayorder': 4, 'format': 'image/jpeg', 'copyright': 'President and Fellows of Harvard College', 'imageid': 130152, 'renditionnumber': 'SCAN46476'}]",,2020-03-17T05:42:23-0400,0,0,"Kaya/Chinju-type ware: gray stoneware with combed, stamped, appliqué, and openwork decoration and with traces of natural kiln glaze. Reportedly from Andong, North Kyŏngsang province.",219626,1991.501,,0,"Three Kingdoms period, Kaya, 42 BCE-562 CE",2750.0,https://nrs.harvard.edu/urn-3:huam:DDC114020_dynmc,"Gregory (1922-1988) and Maria C. Henderson (1923-2007), Medford, MA (by 1969-1988), inherited; by Maria C. Henderson, Medford, MA (1988-1991), partial gift and partial purchase; to Harvard University Art Museums, 1991.",8,5,0,"[{'id': 'https://iiif.harvardartmuseums.org/manifests/object/219626', 'type': 'IIIF Manifest', 'format': 'application/json', 'profile': 'http://iiif.io/api/presentation/2/context.json'}]",,,,,,,"Ceremonial Stand with Snake, Abstract, and Openwork Decoration",1,815,699,https://www.harvardartmuseums.org/collections/object/219626,3,Good. Object is well described and information is vetted,"[{'worktypeid': '342', 'worktype': 'stand'}]"
5,Purchase,2000,1,17th century,Prints,23,7,"[{'percent': 0.26919540229885, 'spectrum': '#e66c64', 'color': '#c8af96', 'css3': '#d2b48c', 'hue': 'Brown'}, {'percent': 0.1632183908046, 'spectrum': '#59ba4a', 'color': '#644b32', 'css3': '#556b2f', 'hue': 'Brown'}, {'percent': 0.14942528735632, 'spectrum': '#b55592', 'color': '#c8c8af', 'css3': '#c0c0c0', 'hue': 'Green'}, {'percent': 0.13298850574713, 'spectrum': '#c25687', 'color': '#af967d', 'css3': '#bc8f8f', 'hue': 'Brown'}, {'percent': 0.12551724137931, 'spectrum': '#b25593', 'color': '#7d644b', 'css3': '#696969', 'hue': 'Yellow'}, {'percent': 0.10793103448276, 'spectrum': '#b65590', 'color': '#967d64', 'css3': '#808080', 'hue': 'Brown'}, {'percent': 0.051724137931034, 'spectrum': '#3db657', 'color': '#323219', 'css3': '#2f4f4f', 'hue': 'Brown'}]",,am_europeanamerican@harvard.edu,0,,"Harvard Art Museums/Fogg Museum, Light-Outerbridge Collection, Richard Norton Memorial Fund",Dutch,1615,1615,1615,2009-09-17,2020-03-05,Department of Prints,,plate: 11.9 x 31 cm (4 11/16 x 12 3/16 in.),European and American Art,,2,1,197886,1,0,"[{'height': 996, 'iiifbaseuri': 'https://ids.lib.harvard.edu/ids/iiif/20424985', 'baseimageurl': 'https://nrs.harvard.edu/urn-3:HUAM:INV162750_dynmc', 'width': 2550, 'publiccaption': None, 'idsid': 20424985, 'displayorder': 1, 'format': 'image/jpeg', 'copyright': 'President and Fellows of Harvard College', 'imageid': 271612, 'renditionnumber': 'INV162750'}]",,2020-03-17T05:41:38-0400,0,0,,197886,M24774,"[{'alphasort': 'Velde, Jan van de II', 'birthplace': 'Rotterdam(?), Netherlands', 'name': 'Jan van de Velde II', 'prefix': None, 'personid': 29190, 'gender': 'male', 'role': 'Artist', 'displayorder': 1, 'culture': 'Dutch', 'displaydate': '1593 - 1641', 'deathplace': 'Enkhuizen, Netherlands', 'displayname': 'Jan van de Velde II'}]",1,,,https://nrs.harvard.edu/urn-3:HUAM:INV162750_dynmc,,0,6,0,"[{'id': 'https://iiif.harvardartmuseums.org/manifests/object/197886', 'type': 'IIIF Manifest', 'format': 'application/json', 'profile': 'http://iiif.io/api/presentation/2/context.json'}]",,"H. 180, Fr.-v.d.K. 219",ii/ii,,Etching,116.0,The Temple of the Sibyl at Tivoli,2,503,435,https://www.harvardartmuseums.org/collections/object/197886,3,Good. Object is well described and information is vetted,"[{'worktypeid': '278', 'worktype': 'print'}]"
6,Bequest,1940,1,16th-17th century,Prints,23,7,"[{'percent': 0.21740412979351, 'spectrum': '#c15689', 'color': '#e1c8c8', 'css3': '#d8bfd8', 'hue': 'Orange'}, {'percent': 0.21581120943953, 'spectrum': '#f58843', 'color': '#c8964b', 'css3': '#cd853f', 'hue': 'Yellow'}, {'percent': 0.16619469026549, 'spectrum': '#4ab851', 'color': '#4b3219', 'css3': '#556b2f', 'hue': 'Brown'}, {'percent': 0.13510324483776, 'spectrum': '#86c440', 'color': '#967d32', 'css3': '#a0522d', 'hue': 'Yellow'}, {'percent': 0.098879056047198, 'spectrum': '#6cbd45', 'color': '#7d6432', 'css3': '#a0522d', 'hue': 'Yellow'}, {'percent': 0.093451327433628, 'spectrum': '#59ba4a', 'color': '#644b32', 'css3': '#556b2f', 'hue': 'Brown'}, {'percent': 0.073156342182891, 'spectrum': '#e9715f', 'color': '#c8af7d', 'css3': '#d2b48c', 'hue': 'Brown'}]",,am_europeanamerican@harvard.edu,0,,"Harvard Art Museums/Fogg Museum, Bequest of Horace M. Swope, Class of 1905",Dutch,1598,c. 1598-1600,1600,2009-07-23,2020-03-05,Department of Prints,,block (oval): 34.7 × 26.5 cm (13 11/16 × 10 7/16 in.),European and American Art,,2,1,256826,1,0,"[{'height': 2550, 'iiifbaseuri': 'https://ids.lib.harvard.edu/ids/iiif/18822820', 'baseimageurl': 'https://nrs.harvard.edu/urn-3:HUAM:INV045254_dynmc', 'width': 1936, 'publiccaption': None, 'idsid': 18822820, 'displayorder': 1, 'format': 'image/jpeg', 'copyright': 'President and Fellows of Harvard College', 'imageid': 174537, 'renditionnumber': 'INV045254'}]",,2020-03-17T05:43:34-0400,4,0,"Chiaroscuro woodcut printed from three blocks in black, pale orange, and green inks on white antique laid paper",256826,M9844,"[{'alphasort': 'Goltzius, Hendrick', 'birthplace': 'Mühlbracht', 'name': 'Hendrick Goltzius', 'prefix': None, 'personid': 22794, 'gender': 'male', 'role': 'Artist', 'displayorder': 1, 'culture': 'Dutch', 'displaydate': '1558 - 1617', 'deathplace': 'Haarlem, Netherlands', 'displayname': 'Hendrick Goltzius'}]",1,,,https://nrs.harvard.edu/urn-3:HUAM:INV045254_dynmc,,0,7,0,"[{'id': 'https://iiif.harvardartmuseums.org/manifests/object/256826', 'type': 'IIIF Manifest', 'format': 'application/json', 'profile': 'http://iiif.io/api/presentation/2/context.json'}]",,"New Hollstein 295, Hollstein 367, Bartsch 232, Bialer 27b",ib/id,,Chiaroscuro woodcut,848.0,Oceanus,3,548,492,https://www.harvardartmuseums.org/collections/object/256826,3,Good. Object is well described and information is vetted,"[{'worktypeid': '278', 'worktype': 'print'}]"
7,Purchase,2008,1,20th century,Photographs,17,0,,,am_moderncontemporary@harvard.edu,0,,"Harvard Art Museums/Fogg Museum, Richard and Ronay Menschel Fund for the Acquisition of Photographs",American,1932,c. 1937-1941,1942,2009-08-28,2020-03-05,Department of Photographs,,25.24 x 20.32 cm (9 15/16 x 8 in.),Modern and Contemporary Art,,2,1,326441,1,0,"[{'height': 2550, 'iiifbaseuri': 'https://ids.lib.harvard.edu/ids/iiif/20461125', 'baseimageurl': 'https://nrs.harvard.edu/urn-3:HUAM:INV196624_dynmc', 'width': 2077, 'publiccaption': None, 'idsid': 20461125, 'displayorder': 1, 'format': 'image/jpeg', 'copyright': 'President and Fellows of Harvard College', 'imageid': 313461, 'renditionnumber': 'INV196624'}]",,2020-03-17T05:45:46-0400,1,0,Gelatin silver print,326441,2008.94,"[{'alphasort': 'Roszak, Theodore', 'birthplace': 'Poznan, Poland', 'name': 'Theodore Roszak', 'prefix': None, 'personid': 35269, 'gender': 'male', 'role': 'Artist', 'displayorder': 1, 'culture': 'American', 'displaydate': '1907 - 1981', 'deathplace': 'New York City, NY', 'displayname': 'Theodore Roszak'}]",1,,,https://nrs.harvard.edu/urn-3:HUAM:INV196624_dynmc,From the artist's estate to Virginia Zabriskie.,0,8,0,"[{'id': 'https://iiif.harvardartmuseums.org/manifests/object/326441', 'type': 'IIIF Manifest', 'format': 'application/json', 'profile': 'http://iiif.io/api/presentation/2/context.json'}]",,,,,Photogram,4445.0,Untitled,1,576,479,https://www.harvardartmuseums.org/collections/object/326441,3,Good. Object is well described and information is vetted,"[{'worktypeid': '259', 'worktype': 'photograph'}]"
8,Transfer,2011,1,19th century,Photographs,17,0,,,am_europeanamerican@harvard.edu,0,,"Harvard Art Museums/Fogg Museum, Transfer from the Carpenter Center for the Visual Arts, Transferred from the Geology Library",American,1865,c. 1870,1875,2009-08-02,2020-03-05,Department of Photographs,,"image: 33 x 25 cm (13 x 9 13/16 in.)
mount: 50.5 x 40.5 cm (19 7/8 x 15 15/16 in.)",European and American Art,,1,1,158904,1,0,"[{'height': 2550, 'iiifbaseuri': 'https://ids.lib.harvard.edu/ids/iiif/18792728', 'baseimageurl': 'https://nrs.harvard.edu/urn-3:HUAM:INV027402_dynmc', 'width': 1927, 'publiccaption': None, 'idsid': 18792728, 'displayorder': 1, 'format': 'image/jpeg', 'copyright': 'President and Fellows of Harvard College', 'imageid': 116541, 'renditionnumber': 'INV027402'}]",,2020-03-17T05:40:23-0400,0,0,,158904,2.2002.385,"[{'alphasort': 'Hillers, John K.', 'birthplace': 'Hanover, Germany', 'name': 'John K. Hillers', 'prefix': None, 'personid': 22090, 'gender': 'male', 'role': 'Artist', 'displayorder': 1, 'culture': 'American', 'displaydate': 'c. 1843 - c. 1925', 'deathplace': 'Washington, D.C.', 'displayname': 'John K. Hillers'}]",1,,,https://nrs.harvard.edu/urn-3:HUAM:INV027402_dynmc,,0,9,0,"[{'id': 'https://iiif.harvardartmuseums.org/manifests/object/158904', 'type': 'IIIF Manifest', 'format': 'application/json', 'profile': 'http://iiif.io/api/presentation/2/context.json'}]",,,,,Albumen silver print,110.0,"The Captain of the Rio Virgen, Utah",1,603,534,https://www.harvardartmuseums.org/collections/object/158904,3,Good. Object is well described and information is vetted,"[{'worktypeid': '259', 'worktype': 'photograph'}]"
9,Purchase,2007,1,15th century,Textile Arts,62,0,,,am_asianmediterranean@harvard.edu,0,,"Harvard Art Museums/Arthur M. Sackler Museum, Francis H. Burr and William H. Prichard Memorial Funds",Indian,1400,15th century,1499,2009-05-12,2020-03-05,Department of Islamic & Later Indian Art,"The quadrilaterally symmetrical pattern of this textile features an ogival lattice structure is composed of a beaded bands festooned laterally with comma shaped petals that curve around a bead. The lattice defines pointed oval lozenges that alternate in offset rows. Each lozenge contains two pair of fantastic animals: in one row, blue makaras; and in the alternating row, yellow yalis.

The lampas has a foundation weave of satin (structure to be determined) in brilliant red, and the motifs are rendered in supplementary wefts (1S2 twill) of yellow, white, and blue. 
",64.1 cm x 73.5 cm (backing: 75 cm x 84.1 cm),Asian and Mediterranean Art,,0,1,312569,1,0,"[{'height': 2550, 'iiifbaseuri': 'https://ids.lib.harvard.edu/ids/iiif/43932287', 'baseimageurl': 'https://nrs.harvard.edu/urn-3:HUAM:DDC103437_dynmc', 'width': 2186, 'publiccaption': None, 'idsid': 43932287, 'displayorder': 1, 'format': 'image/jpeg', 'copyright': 'President and Fellows of Harvard College', 'imageid': 258234, 'renditionnumber': 'DDC103437'}]",,2020-03-17T05:45:21-0400,1,0,"Silk, lampas weave",312569,2007.140,,0,Sultanate period,4392.0,https://nrs.harvard.edu/urn-3:HUAM:DDC103437_dynmc,"Michael Frances.
",2,10,0,"[{'id': 'https://iiif.harvardartmuseums.org/manifests/object/312569', 'type': 'IIIF Manifest', 'format': 'application/json', 'profile': 'http://iiif.io/api/presentation/2/context.json'}]",,,,,Lampas,2265.0,Yalis and Makaras within Ogival Lattice,1,636,527,https://www.harvardartmuseums.org/collections/object/312569,3,Good. Object is well described and information is vetted,"[{'worktypeid': '369', 'worktype': 'textile'}]"
