,accessionmethod,accessionyear,accesslevel,century,classification,classificationid,colorcount,colors,commentary,contact,contextualtextcount,copyright,creditline,culture,datebegin,dated,dateend,dateoffirstpageview,dateoflastpageview,department,description,dimensions,division,edition,exhibitioncount,groupcount,id,imagecount,imagepermissionlevel,images,labeltext,lastupdate,markscount,mediacount,medium,objectid,objectnumber,people,peoplecount,period,periodid,primaryimageurl,provenance,publicationcount,rank,relatedcount,seeAlso,signed,standardreferencenumber,state,style,technique,techniqueid,title,titlescount,totalpageviews,totaluniquepageviews,url,verificationlevel,verificationleveldescription,worktypes
0,Purchase,1991.0,1,6th century,Vessels,57,0,,,am_asianmediterranean@harvard.edu,0,,"Harvard Art Museums/Arthur M. Sackler Museum, Partial gift of Maria C. Henderson and partial purchase through the Ernest B. and Helen Pratt Dane Fund for the Acquisition of Oriental Art",Korean,500,6th century,600,2009-08-05,2020-02-24,Department of Asian Art,,H. 44.3 x Diam. 45.1 cm (17 7/16 x 17 3/4 in.),Asian and Mediterranean Art,,0,1,201395,1,0,"[{'height': 2550, 'iiifbaseuri': 'https://ids.lib.harvard.edu/ids/iiif/18720110', 'baseimageurl': 'https://nrs.harvard.edu/urn-3:HUAM:CARP06188_dynmc', 'width': 1849, 'publiccaption': None, 'idsid': 18720110, 'displayorder': 1, 'format': 'image/jpeg', 'copyright': 'President and Fellows of Harvard College', 'imageid': 138963, 'renditionnumber': 'CARP06188'}]",,2020-03-06T05:39:27-0500,0,0,"Gray stoneware with incised, combed, and openwork decoration.  Reportedly recovered from a tomb in Ch'angnyŏng, South Kyŏngsang province.",201395,1991.519,,0,"Three Kingdoms period, Silla, 57 BCE-668 CE",956.0,https://nrs.harvard.edu/urn-3:HUAM:CARP06188_dynmc,"Gregory (1922-1988) and Maria C. Henderson (1923-2007), Medford, MA (by 1969-1988), inherited; by Maria C. Henderson, Medford, MA (1988-1991), partial gift and partial purchase; to Harvard University Art Museums, 1991.",1,1,0,"[{'id': 'https://iiif.harvardartmuseums.org/manifests/object/201395', 'type': 'IIIF Manifest', 'format': 'application/json', 'profile': 'http://iiif.io/api/presentation/2/context.json'}]",,,,,,,Large Bowl-Type Pedestal Stand with Abstract and Openwork Decoration,1,540,473,https://www.harvardartmuseums.org/collections/object/201395,3,Good. Object is well described and information is vetted,"[{'worktypeid': '342', 'worktype': 'stand'}]"
1,Gift,1898.0,1,18th century,Drawings,21,0,,,am_europeanamerican@harvard.edu,0,,"Harvard Art Museums/Fogg Museum, Gift of Belinda L. Randall from the collection of John Witt Randall",Swiss,1783,c. 1788,1793,2009-08-04,2020-02-24,Department of Drawings,,48.9 x 64.5 cm (19 1/4 x 25 3/8 in.),European and American Art,,6,1,300012,3,0,"[{'height': 771, 'iiifbaseuri': 'https://ids.lib.harvard.edu/ids/iiif/43164494', 'baseimageurl': 'https://nrs.harvard.edu/urn-3:HUAM:LEG840_dynmc', 'width': 1024, 'publiccaption': None, 'idsid': 43164494, 'displayorder': 1, 'format': 'image/jpeg', 'copyright': 'President and Fellows of Harvard College', 'imageid': 80186, 'renditionnumber': 'LEG840'}, {'height': 1909, 'iiifbaseuri': 'https://ids.lib.harvard.edu/ids/iiif/20673582', 'baseimageurl': 'https://nrs.harvard.edu/urn-3:HUAM:VRS30001_dynmc', 'width': 2550, 'publiccaption': None, 'idsid': 20673582, 'displayorder': 2, 'format': 'image/jpeg', 'copyright': 'President and Fellows of Harvard College', 'imageid': 25769, 'renditionnumber': '30001'}, {'height': 823, 'iiifbaseuri': 'https://ids.lib.harvard.edu/ids/iiif/20674539', 'baseimageurl': 'https://nrs.harvard.edu/urn-3:HUAM:VRS33339_dynmc', 'width': 1024, 'publiccaption': None, 'idsid': 20674539, 'displayorder': 3, 'format': 'image/jpeg', 'copyright': 'President and Fellows of Harvard College', 'imageid': 8720, 'renditionnumber': '33339'}]",,2020-03-06T05:42:38-0500,2,0,Black ink and gray wash over graphite on off-white antique laid paper,300012,1898.115,"[{'alphasort': 'Zingg, Adrian', 'birthplace': 'St. Gall, Switzerland', 'name': 'Adrian Zingg', 'prefix': None, 'personid': 29526, 'gender': 'male', 'role': 'Artist', 'displayorder': 1, 'culture': 'Swiss', 'displaydate': '1734 - 1816', 'deathplace': 'Leipzig, Germany', 'displayname': 'Adrian Zingg'}]",1,,,https://nrs.harvard.edu/urn-3:HUAM:LEG840_dynmc,"Carl August Richter, Dresden; John Witt Randall, bequest; to Belinda Lull Randall, his sister, 1892, gift; to Fogg Art Museum, 1898.",6,2,0,"[{'id': 'https://iiif.harvardartmuseums.org/manifests/object/300012', 'type': 'IIIF Manifest', 'format': 'application/json', 'profile': 'http://iiif.io/api/presentation/2/context.json'}]",,,,,,,View of Dresden,1,679,526,https://www.harvardartmuseums.org/collections/object/300012,3,Good. Object is well described and information is vetted,"[{'worktypeid': '125', 'worktype': 'drawing'}]"
2,Purchase,2007.0,1,17th century,Vessels,57,7,"[{'percent': 0.58297619047619, 'spectrum': '#955ba5', 'color': '#e1e1e1', 'css3': '#dcdcdc', 'hue': 'Grey'}, {'percent': 0.38744047619048, 'spectrum': '#8c5fa8', 'color': '#c8c8c8', 'css3': '#c0c0c0', 'hue': 'Grey'}, {'percent': 0.014761904761905, 'spectrum': '#8c5fa8', 'color': '#afafaf', 'css3': '#a9a9a9', 'hue': 'Grey'}, {'percent': 0.0074404761904762, 'spectrum': '#8761aa', 'color': '#969696', 'css3': '#a9a9a9', 'hue': 'Grey'}, {'percent': 0.004702380952381, 'spectrum': '#8362aa', 'color': '#7d7d7d', 'css3': '#808080', 'hue': 'Grey'}, {'percent': 0.0023809523809524, 'spectrum': '#7866ad', 'color': '#646464', 'css3': '#696969', 'hue': 'Grey'}, {'percent': 0.00029761904761905, 'spectrum': '#3db657', 'color': '#4b4b4b', 'css3': '#2f4f4f', 'hue': 'Grey'}]",,am_europeanamerican@harvard.edu,0,,"Harvard Art Museums/Fogg Museum, Gift of Dr. Ernest G. Stillman, Class of 1907, by exchange",American,1699,1699,1699,2009-06-10,2020-02-25,"Department of American Paintings, Sculpture & Decorative Arts",,"257.98 g
13.2 × 9.7 cm (5 3/16 × 3 13/16 in.)
diameter at mouth: 10.3 cm (4 1/16 in.)",European and American Art,,3,2,318701,2,0,"[{'height': 2550, 'iiifbaseuri': 'https://ids.lib.harvard.edu/ids/iiif/20380089', 'baseimageurl': 'https://nrs.harvard.edu/urn-3:HUAM:DDC104135_dynmc', 'width': 1913, 'publiccaption': None, 'idsid': 20380089, 'displayorder': 1, 'format': 'image/jpeg', 'copyright': 'President and Fellows of Harvard College', 'imageid': 270105, 'renditionnumber': 'DDC104135'}, {'height': 2126, 'iiifbaseuri': 'https://ids.lib.harvard.edu/ids/iiif/20305577', 'baseimageurl': 'https://nrs.harvard.edu/urn-3:HUAM:INV140849_dynmc', 'width': 1495, 'publiccaption': None, 'idsid': 20305577, 'displayorder': 2, 'format': 'image/jpeg', 'copyright': 'President and Fellows of Harvard College', 'imageid': 234350, 'renditionnumber': 'INV140849'}]",,2020-03-06T05:43:19-0500,1,0,Silver,318701,2007.82,"[{'alphasort': 'Dummer, Jeremiah', 'birthplace': 'Newbury, MA', 'name': 'Jeremiah Dummer', 'prefix': None, 'personid': 35190, 'gender': 'unknown', 'role': 'Artist', 'displayorder': 1, 'culture': 'American', 'displaydate': '1645 - 1718', 'deathplace': 'Boston, MA', 'displayname': 'Jeremiah Dummer'}]",1,,,https://nrs.harvard.edu/urn-3:HUAM:DDC104135_dynmc,"Possibly James Babcock, 1690s; Original Congregational Church, Wrentham, MA, 1699-2007.",3,3,1,"[{'id': 'https://iiif.harvardartmuseums.org/manifests/object/318701', 'type': 'IIIF Manifest', 'format': 'application/json', 'profile': 'http://iiif.io/api/presentation/2/context.json'}]",,,,,,,The Wrentham Beaker,1,670,557,https://www.harvardartmuseums.org/collections/object/318701,3,Good. Object is well described and information is vetted,"[{'worktypeid': '389', 'worktype': 'vessel'}]"
3,Bequest,1943.0,1,7th century,Sculpture,30,10,"[{'percent': 0.54404761904762, 'spectrum': '#8c5fa8', 'color': '#c8c8c8', 'css3': '#c0c0c0', 'hue': 'Grey'}, {'percent': 0.15369047619048, 'spectrum': '#955ba5', 'color': '#e1e1e1', 'css3': '#dcdcdc', 'hue': 'Grey'}, {'percent': 0.11684523809524, 'spectrum': '#8c5fa8', 'color': '#afafaf', 'css3': '#a9a9a9', 'hue': 'Grey'}, {'percent': 0.039583333333333, 'spectrum': '#7fc241', 'color': '#967d4b', 'css3': '#a0522d', 'hue': 'Brown'}, {'percent': 0.03797619047619, 'spectrum': '#b25593', 'color': '#7d644b', 'css3': '#696969', 'hue': 'Yellow'}, {'percent': 0.029464285714286, 'spectrum': '#59ba4a', 'color': '#644b32', 'css3': '#556b2f', 'hue': 'Brown'}, {'percent': 0.029107142857143, 'spectrum': '#4ab851', 'color': '#4b3232', 'css3': '#2f4f4f', 'hue': 'Red'}, {'percent': 0.026071428571429, 'spectrum': '#e9715f', 'color': '#af9664', 'css3': '#bdb76b', 'hue': 'Yellow'}, {'percent': 0.01672619047619, 'spectrum': '#e9715f', 'color': '#c8af7d', 'css3': '#d2b48c', 'hue': 'Brown'}, {'percent': 0.0039880952380952, 'spectrum': '#8761aa', 'color': '#969696', 'css3': '#a9a9a9', 'hue': 'Grey'}]",,am_asianmediterranean@harvard.edu,0,,"Harvard Art Museums/Arthur M. Sackler Museum, Bequest of Grenville L. Winthrop",Korean,600,first half 7th century,650,2009-06-22,2020-02-25,Department of Asian Art,,H. 19.0 x W. 6.2 x D. 6.2 cm (7 1/2 x 2 7/16 x 2 7/16 in.),Asian and Mediterranean Art,,3,2,204439,10,0,"[{'height': 2550, 'iiifbaseuri': 'https://ids.lib.harvard.edu/ids/iiif/17817708', 'baseimageurl': 'https://nrs.harvard.edu/urn-3:HUAM:74342_dynmc', 'width': 1913, 'publiccaption': 'front', 'idsid': 17817708, 'displayorder': 1, 'format': 'image/jpeg', 'copyright': 'President and Fellows of Harvard College', 'imageid': 22442, 'renditionnumber': '74342'}, {'height': 1024, 'iiifbaseuri': 'https://ids.lib.harvard.edu/ids/iiif/47459047', 'baseimageurl': 'https://nrs.harvard.edu/urn-3:HUAM:DDC251296_dynmc', 'width': 566, 'publiccaption': 'back', 'idsid': 47459047, 'displayorder': 2, 'format': 'image/jpeg', 'copyright': 'President and Fellows of Harvard College', 'imageid': 428080, 'renditionnumber': 'DDC251296'}, {'height': 967, 'iiifbaseuri': 'https://ids.lib.harvard.edu/ids/iiif/47459210', 'baseimageurl': 'https://nrs.harvard.edu/urn-3:HUAM:DDC251456_dynmc', 'width': 1024, 'publiccaption': 'underside', 'idsid': 47459210, 'displayorder': 3, 'format': 'image/jpeg', 'copyright': 'President and Fellows of Harvard College', 'imageid': 428081, 'renditionnumber': 'DDC251456'}, {'height': 1024, 'iiifbaseuri': 'https://ids.lib.harvard.edu/ids/iiif/47459211', 'baseimageurl': 'https://nrs.harvard.edu/urn-3:HUAM:DDC251457_dynmc', 'width': 533, 'publiccaption': 'front', 'idsid': 47459211, 'displayorder': 4, 'format': 'image/jpeg', 'copyright': 'President and Fellows of Harvard College', 'imageid': 428082, 'renditionnumber': 'DDC251457'}, {'height': 1024, 'iiifbaseuri': 'https://ids.lib.harvard.edu/ids/iiif/47459212', 'baseimageurl': 'https://nrs.harvard.edu/urn-3:HUAM:DDC251458_dynmc', 'width': 558, 'publiccaption': 'proper left 3/4 view', 'idsid': 47459212, 'displayorder': 5, 'format': 'image/jpeg', 'copyright': 'President and Fellows of Harvard College', 'imageid': 428083, 'renditionnumber': 'DDC251458'}, {'height': 1024, 'iiifbaseuri': 'https://ids.lib.harvard.edu/ids/iiif/47459213', 'baseimageurl': 'https://nrs.harvard.edu/urn-3:HUAM:DDC251459_dynmc', 'width': 570, 'publiccaption': 'proper left profile', 'idsid': 47459213, 'displayorder': 6, 'format': 'image/jpeg', 'copyright': 'President and Fellows of Harvard College', 'imageid': 428084, 'renditionnumber': 'DDC251459'}, {'height': 1024, 'iiifbaseuri': 'https://ids.lib.harvard.edu/ids/iiif/47459214', 'baseimageurl': 'https://nrs.harvard.edu/urn-3:HUAM:DDC251460_dynmc', 'width': 562, 'publiccaption': 'proper right profile', 'idsid': 47459214, 'displayorder': 7, 'format': 'image/jpeg', 'copyright': 'President and Fellows of Harvard College', 'imageid': 428085, 'renditionnumber': 'DDC251460'}, {'height': 1024, 'iiifbaseuri': 'https://ids.lib.harvard.edu/ids/iiif/47459215', 'baseimageurl': 'https://nrs.harvard.edu/urn-3:HUAM:DDC251461_dynmc', 'width': 548, 'publiccaption': 'proper right 3/4 view', 'idsid': 47459215, 'displayorder': 8, 'format': 'image/jpeg', 'copyright': 'President and Fellows of Harvard College', 'imageid': 428086, 'renditionnumber': 'DDC251461'}, {'height': 1024, 'iiifbaseuri': 'https://ids.lib.harvard.edu/ids/iiif/20682211', 'baseimageurl': 'https://nrs.harvard.edu/urn-3:HUAM:VRS48570_dynmc', 'width': 845, 'publiccaption': None, 'idsid': 20682211, 'displayorder': 9, 'format': 'image/jpeg', 'copyright': 'President and Fellows of Harvard College', 'imageid': 41406, 'renditionnumber': '48570'}, {'height': 1024, 'iiifbaseuri': 'https://ids.lib.harvard.edu/ids/iiif/17817709', 'baseimageurl': 'https://nrs.harvard.edu/urn-3:HUAM:74343_dynmc', 'width': 610, 'publiccaption': 'back', 'idsid': 17817709, 'displayorder': 10, 'format': 'image/jpeg', 'copyright': 'President and Fellows of Harvard College', 'imageid': 133929, 'renditionnumber': '74343'}]","Buddhist proselytizers from northern China and Central Asia first entered the Korean peninsula in the final decades of the fourth century. In the centuries that followed, Korean Buddhists developed their own traditions of ritual practice and systems of philosophical thought, but they were also in constant dialogue with their monastic counterparts in China, exchanging both texts and images. Icons were frequently presented as gifts among the rulers, merchants, and monks of China, Korea, and Japan, which led to a high degree of stylistic cross-pollination across the three cultures. Private, portable icons like these gilt bronze images—which, though crafted in Korea, share many visual traits with similar objects from China and Japan—provided an ideal medium for intercultural artistic and religious exchange. Such images are likely to have been worshipped on small altars in domestic settings. The portable shrine displayed here, from the Chosŏn dynasty (1392–1910), helps us to imagine the original display contexts for the images that surround it. A mobile, self-contained setting for icon worship, it differs little in form, material, or concept from the portable shrines that devotees first brought from India to Central Asia and China centuries before.",2020-03-06T05:39:33-0500,0,0,Gilt bronze,204439,1943.53.75,,0,"Three Kingdoms period, Paekche, 18 BCE-660 CE",3675.0,https://nrs.harvard.edu/urn-3:HUAM:74342_dynmc,"Grenville L. Winthrop (1864-1943), New York (by 1943), bequest; to Fogg Art Museum, 1943.",1,4,0,"[{'id': 'https://iiif.harvardartmuseums.org/manifests/object/204439', 'type': 'IIIF Manifest', 'format': 'application/json', 'profile': 'http://iiif.io/api/presentation/2/context.json'}]",,,,,,,"Crowned Bodhisattva, Probably Taeseji Posal (Bodhisattva Mahasthamaprapta), Standing on a Heptagonal, Double-Lotus Base, the Bodhisattva's Right Hand Raised, the Left Hand Lowered",2,690,593,https://www.harvardartmuseums.org/collections/object/204439,3,Good. Object is well described and information is vetted,"[{'worktypeid': '317', 'worktype': 'sculpture'}, {'worktypeid': '139', 'worktype': 'figurine'}]"
4,Partial Gift/Partial Purchase,1991.0,1,4th century CE,Sculpture,30,9,"[{'percent': 0.34345238095238, 'spectrum': '#8362aa', 'color': '#7d7d7d', 'css3': '#808080', 'hue': 'Grey'}, {'percent': 0.25690476190476, 'spectrum': '#955ba5', 'color': '#e1e1e1', 'css3': '#dcdcdc', 'hue': 'Grey'}, {'percent': 0.15803571428571, 'spectrum': '#8c5fa8', 'color': '#c8c8c8', 'css3': '#c0c0c0', 'hue': 'Grey'}, {'percent': 0.13660714285714, 'spectrum': '#8761aa', 'color': '#969696', 'css3': '#a9a9a9', 'hue': 'Grey'}, {'percent': 0.065714285714286, 'spectrum': '#8c5fa8', 'color': '#afafaf', 'css3': '#a9a9a9', 'hue': 'Grey'}, {'percent': 0.020952380952381, 'spectrum': '#7866ad', 'color': '#646464', 'css3': '#696969', 'hue': 'Grey'}, {'percent': 0.0086309523809524, 'spectrum': '#3db657', 'color': '#4b4b4b', 'css3': '#2f4f4f', 'hue': 'Grey'}, {'percent': 0.0058333333333333, 'spectrum': '#2eb45d', 'color': '#323232', 'css3': '#2f4f4f', 'hue': 'Grey'}, {'percent': 0.0038690476190476, 'spectrum': '#1eb264', 'color': '#191919', 'css3': '#000000', 'hue': 'Grey'}]",,am_asianmediterranean@harvard.edu,0,,"Harvard Art Museums/Arthur M. Sackler Museum, Gift in part of Dr. and Mrs. Jerome Eisenberg and Purchase in part from the Alpheus Hyatt Purchasing Fund",Roman,300,4th century CE,400,2009-08-11,2020-02-25,Department of Ancient and Byzantine Art & Numismatics,,55 cm h x 48 cm w x 23 cm d (21 5/8 x 18 7/8 x 9 1/16 in.),Asian and Mediterranean Art,,3,2,287968,2,0,"[{'height': 2550, 'iiifbaseuri': 'https://ids.lib.harvard.edu/ids/iiif/13881578', 'baseimageurl': 'https://nrs.harvard.edu/urn-3:HUAM:DDC108008_dynmc', 'width': 1920, 'publiccaption': None, 'idsid': 13881578, 'displayorder': 1, 'format': 'image/jpeg', 'copyright': 'President and Fellows of Harvard College', 'imageid': 349738, 'renditionnumber': 'DDC108008'}, {'height': 1024, 'iiifbaseuri': 'https://ids.lib.harvard.edu/ids/iiif/43181416', 'baseimageurl': 'https://nrs.harvard.edu/urn-3:HUAM:12802_dynmc', 'width': 871, 'publiccaption': None, 'idsid': 43181416, 'displayorder': 2, 'format': 'image/jpeg', 'copyright': 'President and Fellows of Harvard College', 'imageid': 2590, 'renditionnumber': '12802'}]","Ancient Greek drama had a long afterlife. The comic playwright Menander worked in the court of a Hellenistic ruler in the fourth to third centuries BCE, but his popularity endured into the late antique period and beyond; there are more ancient Menander portraits in existence than portraits of any other Greek writer or thinker. His own reputed skill at naturalistic portrayals may have made him such a desirable subject; Aristophanes of Byzantium famously wrote, “Oh Menander and Life! Which of you imitated the other?” This particular medallion portrait, produced long after the playwright’s death, would probably have been displayed in a Roman architectural context alongside similar portraits of Greek philosophers and playwrights. Menander, complete with dramatic scroll in the background, would have stood out for his urbane and vigorous features, and his clean-shaven chin would have contrasted with the beards of his more serious companions.",2020-03-06T05:42:13-0500,0,0,Marble,287968,1991.63,,0,Roman Imperial period,786.0,https://nrs.harvard.edu/urn-3:HUAM:DDC108008_dynmc,"Hon. James Smith Barry, Marbury Hall, Cheshire, England, (acquired 1776), by descent; to the Marbury Hall Collection, (until 1987), sold; [through Christie's, London, July 10, 1987]; [through Royal-Athena Galleries, New York, 1987-1991], sold and partial gift from Jerome Eisenberg; to the Harvard University Art Museums, 1991.",3,5,0,"[{'id': 'https://iiif.harvardartmuseums.org/manifests/object/287968', 'type': 'IIIF Manifest', 'format': 'application/json', 'profile': 'http://iiif.io/api/presentation/2/context.json'}]",,,,,Carved,639.0,Medallion Portrait of Menander,1,793,658,https://www.harvardartmuseums.org/collections/object/287968,3,Good. Object is well described and information is vetted,"[{'worktypeid': '317', 'worktype': 'sculpture'}]"
5,Gift,1996.0,1,18th century,Boxes,85,0,,,am_asianmediterranean@harvard.edu,0,,"Harvard Art Museums/Arthur M. Sackler Museum, The Elaine Ehrenkranz Collection of Japanese Lacquer Boxes; Gift of Elaine Ehrenkranz",Japanese,1733,"Mid Edo period, early 18th century",1766,2009-05-17,2020-02-26,Department of Asian Art,,H. 4.9 x W. 21.4 x D. 23 cm (1 15/16 x 8 7/16 x 9 1/16 in.),Asian and Mediterranean Art,,5,1,200515,2,0,"[{'height': 570, 'iiifbaseuri': 'https://ids.lib.harvard.edu/ids/iiif/43183641', 'baseimageurl': 'https://nrs.harvard.edu/urn-3:HUAM:60122_dynmc', 'width': 1024, 'publiccaption': None, 'idsid': 43183641, 'displayorder': 1, 'format': 'image/jpeg', 'copyright': 'President and Fellows of Harvard College', 'imageid': 53695, 'renditionnumber': '60122'}, {'height': 2550, 'iiifbaseuri': 'https://ids.lib.harvard.edu/ids/iiif/43183963', 'baseimageurl': 'https://nrs.harvard.edu/urn-3:HUAM:82062_dynmc', 'width': 2173, 'publiccaption': 'detail, interior of lid', 'idsid': 43183963, 'displayorder': 2, 'format': 'image/jpeg', 'copyright': 'President and Fellows of Harvard College', 'imageid': 26002, 'renditionnumber': '82062'}]",,2020-03-06T05:39:25-0500,0,0,"Lacquer on wood with decoration in gold, silver, and sabi urushi (thick lacquer paste) utilizing the hiramaki-e (low-relief sprinkled design), takamaki-e (high-relief sprinkled design), and nashiji (""pear-skinned"" ground) techniques, with applied kirigane (cut gold and silver) and with shibuchi (copper-silver alloy), brass, silver, and coral inlays; stone, metal, and enamel fittings",200515,1996.242.30.A-G,,0,"Edo period, 1615-1868",248.0,https://nrs.harvard.edu/urn-3:HUAM:60122_dynmc,,1,6,0,"[{'id': 'https://iiif.harvardartmuseums.org/manifests/object/200515', 'type': 'IIIF Manifest', 'format': 'application/json', 'profile': 'http://iiif.io/api/presentation/2/context.json'}]",,,,,,,Inkstone Box (Suzuribako) with Monkey-and-Persimmon Fan Design,2,568,478,https://www.harvardartmuseums.org/collections/object/200515,2,Adequate. Object is adequately described but information may not be vetted,"[{'worktypeid': '50', 'worktype': 'box'}]"
6,Gift,1929.0,1,19th century,Prints,23,8,"[{'percent': 0.78044871794872, 'spectrum': '#c15689', 'color': '#e1c8c8', 'css3': '#d8bfd8', 'hue': 'Orange'}, {'percent': 0.06775641025641, 'spectrum': '#8e5ea7', 'color': '#afaf96', 'css3': '#a9a9a9', 'hue': 'Green'}, {'percent': 0.053525641025641, 'spectrum': '#1eb264', 'color': '#191919', 'css3': '#000000', 'hue': 'Grey'}, {'percent': 0.033141025641026, 'spectrum': '#8e5ea7', 'color': '#96967d', 'css3': '#808080', 'hue': 'Green'}, {'percent': 0.023333333333333, 'spectrum': '#2eb45d', 'color': '#323232', 'css3': '#2f4f4f', 'hue': 'Grey'}, {'percent': 0.014807692307692, 'spectrum': '#7866ad', 'color': '#646464', 'css3': '#696969', 'hue': 'Grey'}, {'percent': 0.013846153846154, 'spectrum': '#3db657', 'color': '#4b4b4b', 'css3': '#2f4f4f', 'hue': 'Grey'}, {'percent': 0.013141025641026, 'spectrum': '#6cbd45', 'color': '#7d7d64', 'css3': '#808080', 'hue': 'Yellow'}]",,am_europeanamerican@harvard.edu,0,,"Harvard Art Museums/Fogg Museum, Gift of Philip Hofer",French,1882,1882,1882,2010-06-19,2020-02-26,Department of Prints,,chine collé: 26.3 x 19.9 cm (10 3/8 x 7 13/16 in.),European and American Art,,4,1,272934,2,0,"[{'height': 2550, 'iiifbaseuri': 'https://ids.lib.harvard.edu/ids/iiif/20435022', 'baseimageurl': 'https://nrs.harvard.edu/urn-3:HUAM:INV177727_dynmc', 'width': 1773, 'publiccaption': None, 'idsid': 20435022, 'displayorder': 1, 'format': 'image/jpeg', 'copyright': 'President and Fellows of Harvard College', 'imageid': 292372, 'renditionnumber': 'INV177727'}, {'height': 1024, 'iiifbaseuri': 'https://ids.lib.harvard.edu/ids/iiif/20670031', 'baseimageurl': 'https://nrs.harvard.edu/urn-3:HUAM:VRS13766_dynmc', 'width': 808, 'publiccaption': None, 'idsid': 20670031, 'displayorder': 2, 'format': 'image/jpeg', 'copyright': 'President and Fellows of Harvard College', 'imageid': 13467, 'renditionnumber': '13766'}]",,2020-03-06T05:41:47-0500,0,0,,272934,M4250,"[{'alphasort': 'Redon, Odilon', 'birthplace': 'Bordeaux, France', 'name': 'Odilon Redon', 'prefix': None, 'personid': 28229, 'gender': 'male', 'role': 'Artist', 'displayorder': 1, 'culture': 'French', 'displaydate': '1840 - 1916', 'deathplace': 'Paris, France', 'displayname': 'Odilon Redon'}]",1,,,https://nrs.harvard.edu/urn-3:HUAM:INV177727_dynmc,,1,7,0,"[{'id': 'https://iiif.harvardartmuseums.org/manifests/object/272934', 'type': 'IIIF Manifest', 'format': 'application/json', 'profile': 'http://iiif.io/api/presentation/2/context.json'}]",,M. 37-43,,,Lithograph,136.0,"The Eye, Like a Strange Balloon Moves Towards Infinity",3,882,767,https://www.harvardartmuseums.org/collections/object/272934,3,Good. Object is well described and information is vetted,"[{'worktypeid': '278', 'worktype': 'print'}]"
7,Gift,2001.0,1,3rd millennium BCE,Sculpture,30,0,,,am_asianmediterranean@harvard.edu,0,,"Harvard Art Museums/Arthur M. Sackler Museum, Bequest from the Estate of Alice M. Kaplan",Cycladic,-2600,2600-2500 BCE,-2500,2010-03-01,2020-02-26,Department of Ancient and Byzantine Art & Numismatics,"This small marble ovoid head and neck have a backward tilt.  The sole facial feature is an elongated, triangular nose in relief.  Traces of red pigment in the form of closely spaced red dots appear as ornamentation on the forehead and cheeks, and faint traces of pigment are visible also above the nose and in the incised line separating the head from the neck.  The head is set on wooden base.",11.4 x 6 x 5.1 cm (4 1/2 x 2 3/8 x 2 in.),Asian and Mediterranean Art,,3,2,165241,3,0,"[{'height': 2550, 'iiifbaseuri': 'https://ids.lib.harvard.edu/ids/iiif/17817047', 'baseimageurl': 'https://nrs.harvard.edu/urn-3:HUAM:73380_dynmc', 'width': 1999, 'publiccaption': None, 'idsid': 17817047, 'displayorder': 1, 'format': 'image/jpeg', 'copyright': 'President and Fellows of Harvard College', 'imageid': 133752, 'renditionnumber': '73380'}, {'height': 1583, 'iiifbaseuri': 'https://ids.lib.harvard.edu/ids/iiif/400120162', 'baseimageurl': 'https://nrs.harvard.edu/urn-3:HUAM:LEG252927', 'width': 2450, 'publiccaption': 'Drawing by Catherine S. Alexander, February 2003, and amended August 16, 2007.', 'idsid': 400120162, 'displayorder': 2, 'format': 'image/jpeg', 'copyright': 'President and Fellows of Harvard College', 'imageid': 442996, 'renditionnumber': 'LEG252927'}, {'height': 2450, 'iiifbaseuri': 'https://ids.lib.harvard.edu/ids/iiif/48404693', 'baseimageurl': 'https://nrs.harvard.edu/urn-3:HUAM:STR012115', 'width': 1640, 'publiccaption': 'Raking light (top)', 'idsid': 48404693, 'displayorder': 3, 'format': 'image/jpeg', 'copyright': 'President and Fellows of Harvard College', 'imageid': 433576, 'renditionnumber': 'STR012115'}]",,2020-03-06T05:38:17-0500,0,0,"Marble, hematite",165241,2001.178,,0,"Cycladic period, Early",2075.0,https://nrs.harvard.edu/urn-3:HUAM:73380_dynmc,This Cycladic head was in the private collection of the donor's mother Alice M. Kaplan who began collecting in 1955.  She purchased the head from George Ortiz of Paris who had it in his collection by 1960.,1,8,9,"[{'id': 'https://iiif.harvardartmuseums.org/manifests/object/165241', 'type': 'IIIF Manifest', 'format': 'application/json', 'profile': 'http://iiif.io/api/presentation/2/context.json'}]",,,,,Carved,639.0,Cycladic Head,1,1054,905,https://www.harvardartmuseums.org/collections/object/165241,3,Good. Object is well described and information is vetted,"[{'worktypeid': '174', 'worktype': 'head'}, {'worktypeid': '317', 'worktype': 'sculpture'}]"
8,Gift,1978.0,1,18th century,Paintings,26,10,"[{'percent': 0.41427777777778, 'spectrum': '#3db657', 'color': '#323219', 'css3': '#2f4f4f', 'hue': 'Brown'}, {'percent': 0.11733333333333, 'spectrum': '#d75776', 'color': '#af4b32', 'css3': '#a0522d', 'hue': 'Orange'}, {'percent': 0.116, 'spectrum': '#4ab851', 'color': '#4b4b32', 'css3': '#556b2f', 'hue': 'Green'}, {'percent': 0.068388888888889, 'spectrum': '#f17c4f', 'color': '#af7d32', 'css3': '#cd853f', 'hue': 'Yellow'}, {'percent': 0.046555555555556, 'spectrum': '#f6903d', 'color': '#e1af64', 'css3': '#f4a460', 'hue': 'Yellow'}, {'percent': 0.0445, 'spectrum': '#bdd430', 'color': '#e1c87d', 'css3': '#deb887', 'hue': 'Yellow'}, {'percent': 0.034944444444444, 'spectrum': '#b25593', 'color': '#7d644b', 'css3': '#696969', 'hue': 'Yellow'}, {'percent': 0.034388888888889, 'spectrum': '#9ecb3b', 'color': '#af964b', 'css3': '#cd853f', 'hue': 'Yellow'}, {'percent': 0.028722222222222, 'spectrum': '#7fc241', 'color': '#966419', 'css3': '#a0522d', 'hue': 'Brown'}, {'percent': 0.025055555555556, 'spectrum': '#6cbd45', 'color': '#7d7d64', 'css3': '#808080', 'hue': 'Yellow'}]",,am_europeanamerican@harvard.edu,0,,"Harvard Art Museums/Fogg Museum, Partial Gift of Mrs. Thomas Brattle Gannett and Partial Purchase through the generosity of Robert T. Gannett, an Anonymous Donor and the Alpheus Hyatt Purchasing Fund",American,1756,1756,1756,2009-08-21,2020-02-26,"Department of American Paintings, Sculpture & Decorative Arts",,"128 x 102.5 cm (50 3/8 x 40 3/8 in.)
framed: 143.5 x 118.4 x 7.3 cm (56 1/2 x 46 5/8 x 2 7/8 in.)",European and American Art,,8,2,227540,2,0,"[{'height': 2550, 'iiifbaseuri': 'https://ids.lib.harvard.edu/ids/iiif/17388709', 'baseimageurl': 'https://nrs.harvard.edu/urn-3:HUAM:53618_dynmc', 'width': 2039, 'publiccaption': None, 'idsid': 17388709, 'displayorder': 1, 'format': 'image/jpeg', 'copyright': 'President and Fellows of Harvard College', 'imageid': 20664, 'renditionnumber': '53618'}, {'height': 1024, 'iiifbaseuri': 'https://ids.lib.harvard.edu/ids/iiif/43181693', 'baseimageurl': 'https://nrs.harvard.edu/urn-3:HUAM:17347_dynmc', 'width': 817, 'publiccaption': None, 'idsid': 43181693, 'displayorder': 2, 'format': 'image/jpeg', 'copyright': 'President and Fellows of Harvard College', 'imageid': 24116, 'renditionnumber': '17347'}]",,2020-03-06T05:40:22-0500,5,0,Oil on canvas,227540,1978.606,"[{'alphasort': 'Copley, John Singleton', 'birthplace': 'Boston, MA', 'name': 'John Singleton Copley', 'prefix': None, 'personid': 33430, 'gender': 'male', 'role': 'Artist', 'displayorder': 1, 'culture': 'American', 'displaydate': '1738 - 1815', 'deathplace': 'London, England', 'displayname': 'John Singleton Copley'}]",1,,,https://nrs.harvard.edu/urn-3:HUAM:53618_dynmc,"Probably to Katherine Brattle Wendell, sitter’s daughter; Mrs. Williams, a descendant, by 1867; purchased by grandfather of William S. Appleton from the Brattle family, by 1873; by descent to William S. Appleton; Estate of Marjorie C. Appleton, by 1915; Thomas Appleton; his sale to Thomas Brattle Gannett, 1925; Mrs. Paul M. Hamlen, his wife; to their son and daughter-in-law, Mr. and Mrs. Thomas Brattle Gannett, by 1955. 
",19,9,0,"[{'id': 'https://iiif.harvardartmuseums.org/manifests/object/227540', 'type': 'IIIF Manifest', 'format': 'application/json', 'profile': 'http://iiif.io/api/presentation/2/context.json'}]",l.l: John: S: Copley. Pinx /1756,,,,,,William Brattle (1706-1776),1,1231,1079,https://www.harvardartmuseums.org/collections/object/227540,4,"Best. Object is extensively researched, well described and information is vetted","[{'worktypeid': '242', 'worktype': 'painting'}]"
9,,,1,17th century,Prints,23,7,"[{'percent': 0.42054644808743, 'spectrum': '#e66c64', 'color': '#c8af96', 'css3': '#d2b48c', 'hue': 'Brown'}, {'percent': 0.27158469945355, 'spectrum': '#b55592', 'color': '#c8c8af', 'css3': '#c0c0c0', 'hue': 'Green'}, {'percent': 0.14262295081967, 'spectrum': '#c25687', 'color': '#af967d', 'css3': '#bc8f8f', 'hue': 'Brown'}, {'percent': 0.067540983606557, 'spectrum': '#b65590', 'color': '#967d64', 'css3': '#808080', 'hue': 'Brown'}, {'percent': 0.050928961748634, 'spectrum': '#e9715f', 'color': '#e1e1c8', 'css3': '#dcdcdc', 'hue': 'Green'}, {'percent': 0.034535519125683, 'spectrum': '#b25593', 'color': '#7d644b', 'css3': '#696969', 'hue': 'Yellow'}, {'percent': 0.01224043715847, 'spectrum': '#4ab851', 'color': '#4b4b32', 'css3': '#556b2f', 'hue': 'Green'}]",,am_europeanamerican@harvard.edu,0,,"Harvard Art Museums/Fogg Museum, Gray Collection of Engravings Fund",Dutch,1651,1651,1651,2011-01-07,2020-02-27,Department of Prints,,"sheet: 12.8 x 32.7 cm (5 1/16 x 12 7/8 in.)
plate: 12.1 x 31.9 cm (4 3/4 x 12 9/16 in.)",European and American Art,,3,1,279265,1,0,"[{'height': 1038, 'iiifbaseuri': 'https://ids.lib.harvard.edu/ids/iiif/20456770', 'baseimageurl': 'https://nrs.harvard.edu/urn-3:HUAM:INV191941_dynmc', 'width': 2550, 'publiccaption': None, 'idsid': 20456770, 'displayorder': 1, 'format': 'image/jpeg', 'copyright': 'President and Fellows of Harvard College', 'imageid': 308341, 'renditionnumber': 'INV191941'}]",,2020-03-06T05:42:00-0500,7,0,"Etching and drypoint with light plate tone, with touches of gray wash in some drypoint areas, on off-white antique laid paper",279265,G6753,"[{'alphasort': 'Rembrandt Harmensz. van Rijn', 'birthplace': 'Leiden', 'name': 'Rembrandt Harmensz. van Rijn', 'prefix': None, 'personid': 28241, 'gender': 'male', 'role': 'Artist', 'displayorder': 1, 'culture': 'Dutch', 'displaydate': '1606 - 1669', 'deathplace': 'Amsterdam', 'displayname': 'Rembrandt Harmensz. van Rijn'}]",1,,,https://nrs.harvard.edu/urn-3:HUAM:INV191941_dynmc,,1,10,0,"[{'id': 'https://iiif.harvardartmuseums.org/manifests/object/279265', 'type': 'IIIF Manifest', 'format': 'application/json', 'profile': 'http://iiif.io/api/presentation/2/context.json'}]",Rembrandt.,"New Hollstein 257, Bartsch 234; Hind 249, Rovinski 234",only state,,Etching and drypoint,1205.0,"Panorama near Bloemendael Showing the Saxenburg Estate (""The Goldweigher's Field"")",1,579,495,https://www.harvardartmuseums.org/collections/object/279265,3,Good. Object is well described and information is vetted,"[{'worktypeid': '278', 'worktype': 'print'}]"
